date;dow;dax
20.11.2002;8623.01;3212.99
21.11.2002;8845.15;3304.63
22.11.2002;8804.84;3320.88
25.11.2002;8849.4;3299.24
26.11.2002;8676.42;3191.63
27.11.2002;8931.68;3346.14
28.11.2002;8931.68;3360.76
29.11.2002;8896.09;3320.32
02.12.2002;8862.57;3380.2
03.12.2002;8742.93;3280.49
04.12.2002;8737.85;3320.75
05.12.2002;8623.28;3224.74
06.12.2002;8645.77;3207.53
09.12.2002;8473.41;3065.57
10.12.2002;8574.26;3167.99
11.12.2002;1000000.0;1000000.0
12.12.2002;8538.4;3111.88
13.12.2002;8433.71;3077.06
16.12.2002;8627.4;3205.29
17.12.2002;8535.39;3139.97
18.12.2002;8447.35;3022.69
19.12.2002;8364.8;2961.41
20.12.2002;8511.32;3024.22
23.12.2002;1000000.0;1000000.0
24.12.2002;8448.11;3000.84
25.12.2002;8448.11;3000.84
26.12.2002;8432.61;3000.84
27.12.2002;8303.78;2840.0
30.12.2002;8332.85;2892.63
31.12.2002;1000000.0;1000000.0
01.01.2003;8341.63;2892.63
02.01.2003;8607.52;3105.04
03.01.2003;;
06.01.2003;8773.57;3157.25
07.01.2003;1000000.0;1000000.0
08.01.2003;8595.31;2993.0
09.01.2003;8776.18;3037.68
10.01.2003;8784.89;3037.33
13.01.2003;8785.98;3060.65
14.01.2003;8842.62;3098.72
15.01.2003;8723.18;3049.4
16.01.2003;8697.87;3054.11
17.01.2003;8586.74;2918.82
20.01.2003;;
21.01.2003;;
22.01.2003;8318.73;2803.25
23.01.2003;1000000.0;1000000.0
24.01.2003;8131.01;2717.82
27.01.2003;7989.56;2643.8
28.01.2003;8088.84;2671.36
29.01.2003;1000000.0;1000000.0
30.01.2003;;
31.01.2003;8053.81;2747.83
03.02.2003;8109.82;2751.99
04.02.2003;8013.29;2632.98
05.02.2003;7985.18;2725.88
06.02.2003;;
07.02.2003;7864.23;2569.34
10.02.2003;7920.11;2586.09
11.02.2003;7843.11;2627.0
12.02.2003;7758.17;2571.25
13.02.2003;7749.87;2555.27
14.02.2003;7908.8;2674.46
17.02.2003;7908.8;2708.97
18.02.2003;8041.15;2740.14
19.02.2003;1000000.0;1000000.0
20.02.2003;7914.96;2591.26
21.02.2003;8018.11;2648.87
24.02.2003;7858.24;2571.35
25.02.2003;7909.5;2485.5
26.02.2003;;
27.02.2003;7884.99;2513.22
28.02.2003;7891.08;2547.05
03.03.2003;;
04.03.2003;7704.87;2501.03
05.03.2003;7775.6;2498.02
06.03.2003;7673.99;2437.51
07.03.2003;7740.03;2431.66
10.03.2003;1000000.0;1000000.0
11.03.2003;1000000.0;1000000.0
12.03.2003;1000000.0;1000000.0
13.03.2003;7821.75;2354.31
14.03.2003;7859.71;2403.19
17.03.2003;8141.92;2487.12
18.03.2003;8194.23;2584.61
19.03.2003;8265.45;2615.22
20.03.2003;8286.6;2604.85
21.03.2003;8521.97;2715.06
24.03.2003;8214.68;2548.37
25.03.2003;8280.23;2636.1
26.03.2003;8229.88;2579.33
27.03.2003;8201.45;2584.05
28.03.2003;8145.77;2520.84
31.03.2003;;
01.04.2003;8069.86;2450.19
02.04.2003;8285.06;2589.35
03.04.2003;8240.38;2569.81
04.04.2003;8277.15;2654.07
07.04.2003;8300.41;2808.94
08.04.2003;8298.92;2767.79
09.04.2003;8197.94;2734.1
10.04.2003;8221.33;2697.1
11.04.2003;8203.41;2733.95
14.04.2003;8351.1;2776.78
15.04.2003;8402.36;2834.12
16.04.2003;8257.61;2824.68
17.04.2003;8337.65;2899.78
18.04.2003;8337.65;2899.78
21.04.2003;8328.9;2899.78
22.04.2003;8484.99;2960.96
23.04.2003;8515.66;2974.4
24.04.2003;;
25.04.2003;8306.35;2838.23
28.04.2003;8471.61;2953.92
29.04.2003;8502.99;2908.96
30.04.2003;8480.09;2942.04
01.05.2003;1000000.0;1000000.0
02.05.2003;8582.68;2986.0
05.05.2003;8531.57;3013.04
06.05.2003;8588.36;3066.95
07.05.2003;8560.63;3005.64
08.05.2003;8491.22;2886.08
09.05.2003;8604.6;2956.59
12.05.2003;8726.73;2937.26
13.05.2003;8679.25;2909.95
14.05.2003;8647.82;2926.03
15.05.2003;8713.14;2989.38
16.05.2003;8678.97;2989.08
19.05.2003;8493.39;2850.68
20.05.2003;8491.36;2838.93
21.05.2003;8516.43;2827.25
22.05.2003;8594.02;2865.21
23.05.2003;1000000.0;1000000.0
26.05.2003;8601.38;2828.28
27.05.2003;;
28.05.2003;8793.12;2919.54
29.05.2003;8711.18;2906.71
30.05.2003;8850.26;2982.68
02.06.2003;8897.81;3064.56
03.06.2003;8922.95;3026.82
04.06.2003;9038.98;3080.02
05.06.2003;9041.3;3039.76
06.06.2003;9062.79;3127.46
09.06.2003;8980.0;3094.76
10.06.2003;9054.89;3140.34
11.06.2003;9183.22;3178.15
12.06.2003;9196.55;3219.47
13.06.2003;9117.12;3168.71
16.06.2003;9318.96;3264.5
17.06.2003;9323.02;3286.48
18.06.2003;9293.8;3304.15
19.06.2003;1000000.0;1000000.0
20.06.2003;9200.75;3238.98
23.06.2003;9072.95;3186.39
24.06.2003;9109.85;3217.34
25.06.2003;9011.53;3198.82
26.06.2003;9079.04;3241.22
27.06.2003;8989.05;3224.66
30.06.2003;8985.44;3220.58
01.07.2003;9040.95;3146.55
02.07.2003;9142.84;3241.04
03.07.2003;9070.21;3241.92
04.07.2003;9070.21;3239.61
07.07.2003;9216.79;3332.87
08.07.2003;9223.09;3344.46
09.07.2003;9156.21;3322.43
10.07.2003;9036.04;3269.84
11.07.2003;9119.59;3326.51
14.07.2003;1000000.0;1000000.0
15.07.2003;9128.97;3384.69
16.07.2003;;
17.07.2003;1000000.0;1000000.0
18.07.2003;1000000.0;1000000.0
21.07.2003;;
22.07.2003;9158.45;3318.15
23.07.2003;;
24.07.2003;9112.51;3374.82
25.07.2003;9284.57;3356.89
28.07.2003;;
29.07.2003;9204.46;3428.12
30.07.2003;9200.05;3429.03
31.07.2003;9233.8;3487.86
01.08.2003;9153.97;3438.89
04.08.2003;9186.04;3405.31
05.08.2003;9036.32;3438.36
06.08.2003;1000000.0;1000000.0
07.08.2003;9126.45;3331.89
08.08.2003;9191.09;3332.24
11.08.2003;;
12.08.2003;9310.06;3381.71
13.08.2003;9271.76;3398.89
14.08.2003;9310.56;3452.7
15.08.2003;9321.69;3443.93
18.08.2003;9412.45;3507.23
19.08.2003;;
20.08.2003;9397.51;3501.23
21.08.2003;;
22.08.2003;9348.87;3549.05
25.08.2003;9317.64;3500.09
26.08.2003;9340.45;3455.48
27.08.2003;9333.79;3483.08
28.08.2003;9374.21;3492.67
29.08.2003;9415.82;3484.58
01.09.2003;9415.82;3571.22
02.09.2003;9523.27;3567.2
03.09.2003;9568.46;3647.51
04.09.2003;9587.9;3668.67
05.09.2003;9503.34;3607.71
08.09.2003;9586.29;3641.53
09.09.2003;9507.2;3594.4
10.09.2003;;
11.09.2003;;
12.09.2003;;
15.09.2003;9448.81;3516.31
16.09.2003;9567.34;3564.75
17.09.2003;9545.65;3561.03
18.09.2003;9659.13;3612.02
19.09.2003;9644.82;3578.7
22.09.2003;9535.41;3456.27
23.09.2003;9576.04;3411.02
24.09.2003;9425.51;3307.34
25.09.2003;;
26.09.2003;9313.08;3324.85
29.09.2003;9380.24;3323.38
30.09.2003;9275.06;3256.78
01.10.2003;9469.2;3329.83
02.10.2003;;
03.10.2003;1000000.0;1000000.0
06.10.2003;9594.98;3404.91
07.10.2003;9654.61;3355.78
08.10.2003;9630.9;3395.33
09.10.2003;9680.01;3481.9
10.10.2003;9674.68;3471.25
13.10.2003;;
14.10.2003;9812.98;3538.13
15.10.2003;9803.05;3570.58
16.10.2003;9791.72;3577.72
17.10.2003;9721.79;3516.67
20.10.2003;9777.94;3559.33
21.10.2003;;
22.10.2003;1000000.0;1000000.0
23.10.2003;9613.13;3497.14
24.10.2003;9582.46;3452.64
27.10.2003;9608.16;3517.1
28.10.2003;9748.31;3586.93
29.10.2003;9774.53;3615.42
30.10.2003;;
31.10.2003;9801.12;3655.99
03.11.2003;9858.46;3744.5
04.11.2003;9838.83;3741.71
05.11.2003;9820.83;3717.7
06.11.2003;9856.97;3733.93
07.11.2003;9809.79;3782.56
10.11.2003;9756.53;3746.24
11.11.2003;;
12.11.2003;9848.83;3748.34
13.11.2003;9837.94;3765.59
14.11.2003;9768.68;3797.4
17.11.2003;9710.83;3674.54
18.11.2003;9624.16;3666.28
19.11.2003;9690.46;3652.29
20.11.2003;9619.42;3638.04
21.11.2003;1000000.0;1000000.0
24.11.2003;9747.79;3737.09
25.11.2003;9763.94;3733.16
26.11.2003;9779.57;3712.98
27.11.2003;9779.57;3744.99
28.11.2003;9782.46;3745.95
01.12.2003;9899.05;3821.2
02.12.2003;9853.64;3809.26
03.12.2003;9873.42;3875.66
04.12.2003;9930.82;3874.78
05.12.2003;9862.68;3841.73
08.12.2003;9965.27;3806.54
09.12.2003;9923.42;3846.18
10.12.2003;9921.86;3820.92
11.12.2003;10008.16;3858.85
12.12.2003;10042.16;3860.13
15.12.2003;10022.82;3875.47
16.12.2003;10129.56;3865.98
17.12.2003;10145.26;3847.57
18.12.2003;10248.08;3870.88
19.12.2003;;
22.12.2003;10338.0;3876.94
23.12.2003;10341.26;3903.34
24.12.2003;10305.19;3903.34
25.12.2003;10305.19;3903.34
26.12.2003;10324.67;3903.34
29.12.2003;10450.0;3952.72
30.12.2003;;
31.12.2003;1000000.0;1000000.0
01.01.2004;10453.92;3965.16
02.01.2004;10409.85;4018.5
05.01.2004;10544.07;4035.9
06.01.2004;10538.66;4035.44
07.01.2004;10529.03;4004.4
08.01.2004;1000000.0;1000000.0
09.01.2004;10458.89;4016.18
12.01.2004;;
13.01.2004;10427.18;3996.22
14.01.2004;10538.37;4055.21
15.01.2004;10553.85;4068.75
16.01.2004;10600.51;4111.64
19.01.2004;10600.51;4139.92
20.01.2004;10528.66;4106.41
21.01.2004;10623.62;4138.04
22.01.2004;10623.18;4139.86
23.01.2004;10568.29;4151.83
26.01.2004;10702.51;4128.68
27.01.2004;10609.92;4134.42
28.01.2004;10468.37;4150.24
29.01.2004;10510.29;4095.71
30.01.2004;10488.07;4058.6
02.02.2004;10499.18;4071.6
03.02.2004;10505.18;4057.51
04.02.2004;10470.74;4028.37
05.02.2004;10495.55;4014.79
06.02.2004;10593.03;4044.99
09.02.2004;;
10.02.2004;10613.85;4110.8
11.02.2004;10737.7;4122.16
12.02.2004;;
13.02.2004;10627.85;4057.05
16.02.2004;10627.85;4070.46
17.02.2004;;
18.02.2004;10671.99;4095.34
19.02.2004;10664.73;4141.53
20.02.2004;10619.03;4073.35
23.02.2004;10609.62;4068.71
24.02.2004;10566.37;3991.42
25.02.2004;10601.62;3995.34
26.02.2004;10580.14;4007.81
27.02.2004;10583.92;4018.16
01.03.2004;1000000.0;1000000.0
02.03.2004;10591.48;4100.34
03.03.2004;10593.11;4071.7
04.03.2004;10588.0;4133.78
05.03.2004;10595.55;4126.14
08.03.2004;10529.48;4145.99
09.03.2004;10456.96;4087.55
10.03.2004;10296.89;4044.7
11.03.2004;10128.38;3904.95
12.03.2004;10240.08;3915.38
15.03.2004;10102.89;3810.76
16.03.2004;10184.67;3822.37
17.03.2004;1000000.0;1000000.0
18.03.2004;1000000.0;1000000.0
19.03.2004;10186.6;3819.15
22.03.2004;10064.75;3729.23
23.03.2004;10063.64;3728.82
24.03.2004;10048.23;3726.07
25.03.2004;10218.82;3811.92
26.03.2004;1000000.0;1000000.0
29.03.2004;10329.63;3881.25
30.03.2004;;
31.03.2004;10357.7;3856.7
01.04.2004;10373.33;3924.85
02.04.2004;10470.59;4007.6
05.04.2004;10558.37;4048.6
06.04.2004;10570.81;4022.81
07.04.2004;10480.15;4001.16
08.04.2004;10442.03;4013.53
09.04.2004;10442.03;4013.53
12.04.2004;10515.56;4013.53
13.04.2004;10381.28;4071.42
14.04.2004;10377.95;4012.77
15.04.2004;10397.46;4004.61
16.04.2004;;
19.04.2004;;
20.04.2004;10314.5;4061.13
21.04.2004;10317.27;4026.15
22.04.2004;10461.2;4059.15
23.04.2004;10472.84;4103.62
26.04.2004;10444.73;4125.83
27.04.2004;10478.16;4134.1
28.04.2004;10342.6;4065.74
29.04.2004;10272.27;4008.91
30.04.2004;10225.57;3985.21
03.05.2004;10314.0;4007.65
04.05.2004;10317.2;3990.75
05.05.2004;10310.95;4022.1
06.05.2004;10241.26;3909.46
07.05.2004;10117.34;3895.64
10.05.2004;9990.02;3784.61
11.05.2004;10019.47;3849.84
12.05.2004;10045.16;3776.24
13.05.2004;10010.74;3824.93
14.05.2004;;
17.05.2004;9906.91;3754.37
18.05.2004;9968.51;3789.24
19.05.2004;9937.71;3872.26
20.05.2004;9937.64;3839.32
21.05.2004;9966.74;3831.84
24.05.2004;9958.43;3867.84
25.05.2004;10117.62;3828.07
26.05.2004;10109.89;3867.52
27.05.2004;10205.2;3913.33
28.05.2004;10188.45;3902.72
31.05.2004;10188.45;3921.41
01.06.2004;10202.65;3864.18
02.06.2004;10262.97;3888.31
03.06.2004;10195.91;3917.08
04.06.2004;;
07.06.2004;10391.08;4017.81
08.06.2004;10432.52;4018.95
09.06.2004;10368.44;3997.76
10.06.2004;10410.1;4021.64
11.06.2004;;
14.06.2004;10334.73;3948.65
15.06.2004;10380.43;3987.3
16.06.2004;;
17.06.2004;;
18.06.2004;10416.41;3999.79
21.06.2004;10371.47;3989.31
22.06.2004;10395.07;3928.39
23.06.2004;10479.57;3945.1
24.06.2004;1000000.0;1000000.0
25.06.2004;10371.84;4013.35
28.06.2004;10357.09;4069.35
29.06.2004;10413.43;4069.73
30.06.2004;;
01.07.2004;10334.16;4035.02
02.07.2004;1000000.0;1000000.0
05.07.2004;10282.83;3995.73
06.07.2004;10219.34;3944.88
07.07.2004;10240.29;3930.58
08.07.2004;10171.56;3934.48
09.07.2004;10213.22;3924.49
12.07.2004;10238.22;3893.24
13.07.2004;10247.59;3903.88
14.07.2004;10208.8;3898.84
15.07.2004;10163.16;3847.19
16.07.2004;10139.78;3845.93
19.07.2004;;
20.07.2004;10149.07;3837.6
21.07.2004;10046.13;3877.48
22.07.2004;;
23.07.2004;9962.22;3797.33
26.07.2004;9961.92;3752.59
27.07.2004;10085.14;3814.08
28.07.2004;10117.07;3807.21
29.07.2004;10129.24;3889.68
30.07.2004;10139.71;3895.61
02.08.2004;10179.16;3862.71
03.08.2004;10120.24;3877.32
04.08.2004;10126.51;3823.74
05.08.2004;9963.03;3829.03
06.08.2004;9815.33;3727.74
09.08.2004;9814.66;3690.33
10.08.2004;9944.67;3720.64
11.08.2004;9938.32;3678.91
12.08.2004;9814.59;3658.11
13.08.2004;9825.35;3646.99
16.08.2004;9954.55;3699.11
17.08.2004;9972.83;3705.73
18.08.2004;10083.15;3726.5
19.08.2004;10040.82;3722.99
20.08.2004;10110.14;3712.61
23.08.2004;10073.05;3772.14
24.08.2004;10098.63;3771.0
25.08.2004;10181.74;3788.88
26.08.2004;;
27.08.2004;10195.01;3851.18
30.08.2004;10122.52;3838.85
31.08.2004;;
01.09.2004;1000000.0;1000000.0
02.09.2004;10290.28;3833.45
03.09.2004;10260.2;3866.99
06.09.2004;10260.2;3887.58
07.09.2004;10342.79;3889.04
08.09.2004;10313.36;3884.16
09.09.2004;;
10.09.2004;10313.07;3886.03
13.09.2004;10314.76;3953.31
14.09.2004;10318.16;3947.75
15.09.2004;10231.36;3941.75
16.09.2004;10244.49;3963.65
17.09.2004;10284.46;3988.07
20.09.2004;;
21.09.2004;10244.93;3991.02
22.09.2004;;
23.09.2004;10038.9;3905.66
24.09.2004;10047.24;3910.3
27.09.2004;9988.54;3874.37
28.09.2004;10077.4;3882.27
29.09.2004;;
30.09.2004;10080.27;3892.9
01.10.2004;10192.65;3994.96
04.10.2004;10216.54;4033.28
05.10.2004;10177.68;4048.71
06.10.2004;10239.92;4049.66
07.10.2004;10125.4;4043.36
08.10.2004;10055.2;4015.54
11.10.2004;10081.97;4017.82
12.10.2004;10077.18;3966.48
13.10.2004;10002.33;3976.03
14.10.2004;9894.45;3940.46
15.10.2004;9933.38;3922.11
18.10.2004;;
19.10.2004;9897.62;3964.13
20.10.2004;9886.93;3912.4
21.10.2004;9865.76;3934.06
22.10.2004;9757.81;3935.14
25.10.2004;9749.99;3854.41
26.10.2004;9888.48;3862.26
27.10.2004;1000000.0;1000000.0
28.10.2004;10004.54;3959.59
29.10.2004;10027.47;3960.25
01.11.2004;10054.39;4012.64
02.11.2004;1000000.0;1000000.0
03.11.2004;10137.05;4039.04
04.11.2004;10314.76;4041.38
05.11.2004;10387.54;4063.58
08.11.2004;10391.31;4068.97
09.11.2004;10386.37;4065.33
10.11.2004;10385.48;4089.13
11.11.2004;10469.84;4130.81
12.11.2004;10539.01;4143.35
15.11.2004;10550.24;4134.34
16.11.2004;10487.65;4117.22
17.11.2004;10549.57;4183.41
18.11.2004;10572.55;4178.68
19.11.2004;10456.91;4134.89
22.11.2004;10489.42;4123.98
23.11.2004;10492.6;4113.37
24.11.2004;10520.31;4125.3
25.11.2004;10520.31;4160.35
26.11.2004;;
29.11.2004;;
30.11.2004;10428.02;4126.0
01.12.2004;;
02.12.2004;10585.12;4216.4
03.12.2004;;
06.12.2004;10547.06;4193.91
07.12.2004;10440.58;4212.62
08.12.2004;10494.23;4201.35
09.12.2004;10552.82;4150.41
10.12.2004;10543.22;4174.55
13.12.2004;10638.32;4219.24
14.12.2004;10676.45;4231.3
15.12.2004;10691.45;4213.69
16.12.2004;10705.64;4233.71
17.12.2004;10649.92;4182.27
20.12.2004;10661.6;4211.55
21.12.2004;10759.43;4214.39
22.12.2004;10815.89;4241.28
23.12.2004;10827.12;4251.62
24.12.2004;10827.12;4251.62
27.12.2004;10776.13;4235.36
28.12.2004;10854.54;4261.79
29.12.2004;10829.19;4247.75
30.12.2004;10800.3;4256.08
31.12.2004;10783.01;4256.08
03.01.2005;1000000.0;1000000.0
04.01.2005;;
05.01.2005;10597.83;4258.24
06.01.2005;10622.88;4300.94
07.01.2005;10603.96;4316.4
10.01.2005;10621.03;4307.37
11.01.2005;10556.22;4258.01
12.01.2005;10617.78;4208.82
13.01.2005;10505.83;4212.14
14.01.2005;10558.0;4232.36
17.01.2005;10558.0;4245.51
18.01.2005;;
19.01.2005;10539.97;4245.55
20.01.2005;10471.47;4220.43
21.01.2005;10392.99;4213.7
24.01.2005;;
25.01.2005;10461.56;4233.95
26.01.2005;10498.59;4214.12
27.01.2005;10467.4;4216.41
28.01.2005;10427.2;4201.81
31.01.2005;10489.94;4254.85
01.02.2005;10551.94;4279.97
02.02.2005;10596.79;4296.31
03.02.2005;10593.1;4281.64
04.02.2005;10716.13;4339.28
07.02.2005;10715.76;4366.35
08.02.2005;10724.63;4371.39
09.02.2005;10664.11;4353.15
10.02.2005;10749.61;4342.01
11.02.2005;10796.01;4387.8
14.02.2005;10791.13;4386.4
15.02.2005;1000000.0;1000000.0
16.02.2005;10834.88;4368.77
17.02.2005;10754.26;4369.68
18.02.2005;10785.22;4359.47
21.02.2005;10785.22;4353.34
22.02.2005;10611.2;4323.21
23.02.2005;10673.79;4310.66
24.02.2005;10748.79;4304.29
25.02.2005;10841.6;4348.64
28.02.2005;10766.23;4350.49
01.03.2005;10830.0;4383.62
02.03.2005;10811.97;4393.43
03.03.2005;;
04.03.2005;10940.55;4423.52
07.03.2005;10936.86;4428.09
08.03.2005;10912.62;4396.5
09.03.2005;10805.62;4375.6
10.03.2005;10851.51;4337.68
11.03.2005;;
14.03.2005;10804.51;4367.3
15.03.2005;10745.1;4387.69
16.03.2005;;
17.03.2005;10626.35;4315.92
18.03.2005;10629.67;4327.18
21.03.2005;10565.39;4296.36
22.03.2005;10470.51;4320.69
23.03.2005;10456.02;4317.2
24.03.2005;;
25.03.2005;10442.87;4343.6
28.03.2005;10485.65;4343.6
29.03.2005;10405.7;4351.89
30.03.2005;10540.93;4347.52
31.03.2005;10503.76;4348.77
01.04.2005;10404.3;4373.53
04.04.2005;10421.14;4341.39
05.04.2005;10458.46;4362.61
06.04.2005;;
07.04.2005;10546.32;4389.52
08.04.2005;10461.34;4400.68
11.04.2005;10448.56;4396.09
12.04.2005;10507.97;4372.12
13.04.2005;10403.93;4405.69
14.04.2005;1000000.0;1000000.0
15.04.2005;10087.51;4312.25
18.04.2005;10071.25;4202.2
19.04.2005;10127.41;4204.61
20.04.2005;10012.36;4178.62
21.04.2005;10218.6;4193.7
22.04.2005;10157.71;4223.04
25.04.2005;10242.47;4246.96
26.04.2005;10151.13;4233.76
27.04.2005;10198.8;4189.02
28.04.2005;10070.37;4178.1
29.04.2005;10192.51;4184.84
02.05.2005;10251.7;4224.02
03.05.2005;10256.95;4245.54
04.05.2005;10384.64;4264.35
05.05.2005;10340.38;4299.51
06.05.2005;10345.4;4311.06
09.05.2005;;
10.05.2005;10281.11;4251.13
11.05.2005;10300.25;4244.16
12.05.2005;10189.48;4267.05
13.05.2005;10140.12;4275.7
16.05.2005;10252.29;4262.18
17.05.2005;;
18.05.2005;10464.45;4324.6
19.05.2005;1000000.0;1000000.0
20.05.2005;10471.91;4360.68
23.05.2005;10523.56;4406.95
24.05.2005;;
25.05.2005;;
26.05.2005;10537.6;4436.6
27.05.2005;;
30.05.2005;10542.55;4480.43
31.05.2005;10467.48;4460.63
01.06.2005;10549.87;4527.17
02.06.2005;10553.49;4532.17
03.06.2005;1000000.0;1000000.0
06.06.2005;10467.03;4497.26
07.06.2005;10483.07;4566.01
08.06.2005;10476.86;4557.29
09.06.2005;10503.02;4562.75
10.06.2005;10512.63;4586.1
13.06.2005;10522.56;4599.21
14.06.2005;10547.57;4591.69
15.06.2005;;
16.06.2005;10578.65;4579.87
17.06.2005;10623.07;4604.57
20.06.2005;10609.11;4586.86
21.06.2005;10599.67;4608.11
22.06.2005;1000000.0;1000000.0
23.06.2005;10421.44;4627.48
24.06.2005;10297.84;4566.48
27.06.2005;10290.78;4523.82
28.06.2005;10405.63;4557.46
29.06.2005;;
30.06.2005;1000000.0;1000000.0
01.07.2005;10303.44;4617.07
04.07.2005;10303.44;4623.41
05.07.2005;10371.8;4603.65
06.07.2005;10270.68;4615.49
07.07.2005;10302.29;4530.18
08.07.2005;10449.14;4597.97
11.07.2005;10519.72;4663.38
12.07.2005;10513.89;4653.03
13.07.2005;10557.39;4679.89
14.07.2005;10628.89;4699.27
15.07.2005;10640.83;4712.9
18.07.2005;10574.99;4719.57
19.07.2005;10646.56;4770.54
20.07.2005;10689.15;4784.5
21.07.2005;10627.77;4829.87
22.07.2005;10651.18;4836.9
25.07.2005;10596.48;4842.7
26.07.2005;10579.77;4843.49
27.07.2005;;
28.07.2005;10705.55;4892.5
29.07.2005;10640.91;4886.5
01.08.2005;10623.15;4890.85
02.08.2005;10683.74;4932.87
03.08.2005;;
04.08.2005;10610.1;4874.06
05.08.2005;;
08.08.2005;10536.93;4837.86
09.08.2005;10615.67;4909.48
10.08.2005;10594.41;4990.57
11.08.2005;10685.89;4953.93
12.08.2005;10600.31;4937.33
15.08.2005;10634.38;4922.34
16.08.2005;10513.45;4883.81
17.08.2005;10550.71;4871.46
18.08.2005;1000000.0;1000000.0
19.08.2005;10559.23;4929.91
22.08.2005;10569.89;4941.69
23.08.2005;10519.58;4917.74
24.08.2005;10434.87;4915.95
25.08.2005;10450.63;4856.01
26.08.2005;10397.29;4783.8
29.08.2005;10463.05;4812.24
30.08.2005;1000000.0;1000000.0
31.08.2005;10481.6;4829.69
01.09.2005;10459.63;4842.94
02.09.2005;10447.37;4837.81
05.09.2005;10447.37;4909.89
06.09.2005;;
07.09.2005;1000000.0;1000000.0
08.09.2005;10595.93;4992.75
09.09.2005;10678.56;5005.93
12.09.2005;10682.94;4989.98
13.09.2005;10597.44;4901.88
14.09.2005;10544.9;4911.17
15.09.2005;10558.75;4905.98
16.09.2005;10641.94;4986.5
19.09.2005;10557.63;4926.13
20.09.2005;10481.52;4962.86
21.09.2005;10378.03;4875.22
22.09.2005;10422.05;4849.01
23.09.2005;10419.59;4882.58
26.09.2005;10443.63;4998.16
27.09.2005;10456.21;4965.88
28.09.2005;10473.09;5048.74
29.09.2005;;
30.09.2005;10568.7;5044.12
03.10.2005;10535.48;5082.07
04.10.2005;10441.11;5138.02
05.10.2005;10317.36;5069.42
06.10.2005;10287.1;5017.27
07.10.2005;10292.31;5007.77
10.10.2005;10238.76;5022.79
11.10.2005;10253.17;5032.46
12.10.2005;10216.91;4981.77
13.10.2005;10216.59;4950.07
14.10.2005;10287.34;4975.56
17.10.2005;10348.1;4978.83
18.10.2005;;
19.10.2005;10414.13;4845.98
20.10.2005;10281.1;4864.25
21.10.2005;10215.22;4838.4
24.10.2005;10385.0;4901.79
25.10.2005;10377.87;4872.97
26.10.2005;;
27.10.2005;10229.95;4806.05
28.10.2005;10402.77;4825.64
31.10.2005;10440.07;4929.07
01.11.2005;10406.77;4922.55
02.11.2005;10472.73;4954.83
03.11.2005;10522.59;5011.0
04.11.2005;10530.76;4995.24
07.11.2005;10586.23;5024.2
08.11.2005;10539.72;5008.83
09.11.2005;10546.21;5011.38
10.11.2005;10640.1;5015.55
11.11.2005;10686.04;5090.75
14.11.2005;10697.17;5092.43
15.11.2005;10686.44;5110.61
16.11.2005;10674.76;5081.46
17.11.2005;10720.22;5099.72
18.11.2005;10766.33;5123.5
21.11.2005;;
22.11.2005;10871.43;5174.72
23.11.2005;10916.09;5196.08
24.11.2005;;
25.11.2005;10931.62;5194.27
28.11.2005;1000000.0;1000000.0
29.11.2005;;
30.11.2005;;
01.12.2005;10912.57;5266.55
02.12.2005;10877.51;5307.99
05.12.2005;10835.01;5266.86
06.12.2005;10856.86;5300.85
07.12.2005;10810.91;5266.75
08.12.2005;10755.12;5286.75
09.12.2005;10778.58;5282.13
12.12.2005;1000000.0;1000000.0
13.12.2005;10823.72;5310.28
14.12.2005;1000000.0;1000000.0
15.12.2005;10881.67;5295.82
16.12.2005;10875.59;5353.66
19.12.2005;10836.53;5350.18
20.12.2005;10805.55;5356.6
21.12.2005;10833.73;5397.23
22.12.2005;10889.44;5398.28
23.12.2005;10883.27;5419.05
26.12.2005;10883.27;5419.05
27.12.2005;10777.77;5444.84
28.12.2005;;
29.12.2005;1000000.0;1000000.0
30.12.2005;10717.5;5408.26
02.01.2006;10717.5;5449.98
03.01.2006;10847.41;5460.68
04.01.2006;10880.15;5523.62
05.01.2006;10882.15;5516.53
06.01.2006;10959.31;5536.32
09.01.2006;11011.9;5537.11
10.01.2006;11011.58;5494.71
11.01.2006;11043.44;5532.89
12.01.2006;;
13.01.2006;10959.87;5483.09
16.01.2006;10959.87;5514.64
17.01.2006;10896.32;5460.16
18.01.2006;10854.86;5395.61
19.01.2006;10880.71;5430.84
20.01.2006;10667.39;5349.02
23.01.2006;10688.77;5348.72
24.01.2006;10712.22;5334.3
25.01.2006;10709.74;5427.09
26.01.2006;10809.47;5548.91
27.01.2006;10907.21;5647.42
30.01.2006;10899.92;5660.03
31.01.2006;;
01.02.2006;10953.95;5726.53
02.02.2006;;
03.02.2006;10793.62;5657.12
06.02.2006;10798.27;5666.78
07.02.2006;10749.76;5672.92
08.02.2006;10858.62;5666.41
09.02.2006;;
10.02.2006;10919.05;5701.47
13.02.2006;10892.32;5756.33
14.02.2006;11028.39;5763.4
15.02.2006;11058.97;5764.37
16.02.2006;11120.68;5789.25
17.02.2006;11115.32;5795.48
20.02.2006;11115.32;5793.95
21.02.2006;11069.06;5801.04
22.02.2006;11137.17;5862.06
23.02.2006;11069.22;5857.88
24.02.2006;11061.85;5870.79
27.02.2006;1000000.0;1000000.0
28.02.2006;10993.41;5796.04
01.03.2006;11053.53;5866.61
02.03.2006;11025.51;5783.49
03.03.2006;;
06.03.2006;10958.59;5754.06
07.03.2006;10980.69;5739.28
08.03.2006;11005.74;5673.36
09.03.2006;10972.28;5732.22
10.03.2006;11076.34;5804.92
13.03.2006;11076.02;5855.16
14.03.2006;11151.34;5870.88
15.03.2006;11209.77;5898.48
16.03.2006;11253.24;5897.79
17.03.2006;11279.65;5882.38
20.03.2006;11274.53;5902.79
21.03.2006;;
22.03.2006;11317.43;5932.31
23.03.2006;11270.29;5947.11
24.03.2006;11279.97;5973.14
27.03.2006;11250.11;5912.26
28.03.2006;11154.54;5890.63
29.03.2006;11215.7;5914.78
30.03.2006;11150.7;5984.19
31.03.2006;11109.32;5970.08
03.04.2006;11144.94;6024.05
04.04.2006;11203.85;6013.85
05.04.2006;11239.55;6029.2
06.04.2006;;
07.04.2006;11120.04;5952.92
10.04.2006;11141.33;6003.4
11.04.2006;11089.63;5908.47
12.04.2006;11129.97;5901.25
13.04.2006;11137.65;5918.57
14.04.2006;11137.65;5918.57
17.04.2006;11073.78;5918.57
18.04.2006;;
19.04.2006;11278.77;5993.76
20.04.2006;11342.89;6063.28
21.04.2006;11347.45;6094.75
24.04.2006;11336.32;6079.09
25.04.2006;11283.25;6078.8
26.04.2006;11354.49;6107.12
27.04.2006;11382.51;6067.74
28.04.2006;11367.14;6009.89
01.05.2006;11343.29;6009.89
02.05.2006;1000000.0;1000000.0
03.05.2006;11400.28;5968.96
04.05.2006;11438.86;6039.32
05.05.2006;;
08.05.2006;11584.54;6127.98
09.05.2006;11639.77;6140.72
10.05.2006;11642.65;6118.38
11.05.2006;11500.73;6054.72
12.05.2006;11380.99;5916.28
15.05.2006;11428.77;5857.03
16.05.2006;11419.89;5851.92
17.05.2006;11205.61;5652.72
18.05.2006;11128.29;5666.07
19.05.2006;;
22.05.2006;11125.33;5546.24
23.05.2006;11098.35;5678.49
24.05.2006;11117.32;5587.23
25.05.2006;;
26.05.2006;11278.61;5788.36
29.05.2006;11278.61;5755.02
30.05.2006;1000000.0;1000000.0
31.05.2006;11168.31;5692.86
01.06.2006;11260.28;5707.59
02.06.2006;1000000.0;1000000.0
05.06.2006;11048.72;5621.19
06.06.2006;11002.14;5502.81
07.06.2006;10930.9;5543.93
08.06.2006;10938.82;5383.28
09.06.2006;10891.92;5464.08
12.06.2006;10792.58;5395.55
13.06.2006;;
14.06.2006;;
15.06.2006;1000000.0;1000000.0
16.06.2006;11014.55;5376.01
19.06.2006;10942.11;5439.23
20.06.2006;10974.84;5493.61
21.06.2006;11079.46;5503.41
22.06.2006;11019.11;5533.42
23.06.2006;;
26.06.2006;1000000.0;1000000.0
27.06.2006;10924.74;5459.15
28.06.2006;10973.56;5456.87
29.06.2006;11190.8;5581.67
30.06.2006;11150.22;5683.31
03.07.2006;11228.02;5712.69
04.07.2006;11228.02;5729.01
05.07.2006;11151.82;5625.63
06.07.2006;11225.3;5695.47
07.07.2006;11090.67;5681.85
10.07.2006;11103.55;5706.32
11.07.2006;11134.77;5616.04
12.07.2006;11013.18;5637.82
13.07.2006;10846.29;5527.29
14.07.2006;10739.35;5422.22
17.07.2006;10747.36;5416.96
18.07.2006;10799.23;5396.85
19.07.2006;11011.42;5539.29
20.07.2006;10928.1;5545.82
21.07.2006;10868.38;5451.01
24.07.2006;11051.05;5578.05
25.07.2006;11103.71;5565.76
26.07.2006;11102.51;5583.1
27.07.2006;11100.43;5659.07
28.07.2006;11219.7;5705.42
31.07.2006;11185.68;5681.97
01.08.2006;;
02.08.2006;11199.93;5680.82
03.08.2006;1000000.0;1000000.0
04.08.2006;11240.35;5723.03
07.08.2006;11219.38;5626.67
08.08.2006;11173.59;5651.92
09.08.2006;11076.18;5702.81
10.08.2006;11124.37;5630.96
11.08.2006;11088.03;5628.37
14.08.2006;11097.87;5692.0
15.08.2006;11230.26;5776.8
16.08.2006;11327.12;5812.94
17.08.2006;11334.96;5833.51
18.08.2006;11381.47;5817.02
21.08.2006;11345.05;5794.83
22.08.2006;;
23.08.2006;11297.9;5775.54
24.08.2006;11304.46;5814.08
25.08.2006;11284.05;5811.47
28.08.2006;11352.01;5854.99
29.08.2006;11369.94;5847.02
30.08.2006;11382.91;5867.53
31.08.2006;;
01.09.2006;11464.15;5876.54
04.09.2006;11464.15;5909.72
05.09.2006;11469.28;5884.07
06.09.2006;11406.2;5813.06
07.09.2006;1000000.0;1000000.0
08.09.2006;11392.11;5795.26
11.09.2006;11396.84;5798.46
12.09.2006;11498.09;5873.85
13.09.2006;11543.32;5906.12
14.09.2006;11527.39;5907.37
15.09.2006;11560.77;5937.87
18.09.2006;11555.0;5926.33
19.09.2006;11540.91;5873.46
20.09.2006;1000000.0;1000000.0
21.09.2006;11533.23;5962.03
22.09.2006;11508.1;5883.32
25.09.2006;11575.81;5901.66
26.09.2006;11669.39;5960.63
27.09.2006;;
28.09.2006;11718.45;5989.16
29.09.2006;11679.07;6004.33
02.10.2006;11670.35;5999.46
03.10.2006;11727.34;5992.22
04.10.2006;11850.61;6046.37
05.10.2006;11866.69;6075.28
06.10.2006;11850.21;6085.82
09.10.2006;11857.81;6084.4
10.10.2006;11867.17;6117.71
11.10.2006;11852.13;6119.45
12.10.2006;11947.7;6160.28
13.10.2006;11960.51;6173.68
16.10.2006;11980.6;6186.54
17.10.2006;11950.02;6115.1
18.10.2006;1000000.0;1000000.0
19.10.2006;12011.73;6177.42
20.10.2006;12002.37;6202.82
23.10.2006;12116.91;6242.91
24.10.2006;12127.88;6247.52
25.10.2006;1000000.0;1000000.0
26.10.2006;12163.66;6284.19
27.10.2006;12090.26;6262.54
30.10.2006;12086.5;6258.19
31.10.2006;12080.73;6268.92
01.11.2006;12031.02;6291.9
02.11.2006;12018.54;6223.33
03.11.2006;11986.04;6241.15
06.11.2006;12105.55;6330.65
07.11.2006;12156.77;6361.96
08.11.2006;12176.54;6349.26
09.11.2006;12103.3;6358.68
10.11.2006;12108.43;6357.77
13.11.2006;12131.88;6393.73
14.11.2006;12218.01;6387.38
15.11.2006;12251.71;6430.89
16.11.2006;;
17.11.2006;12342.56;6412.36
20.11.2006;12316.54;6452.33
21.11.2006;1000000.0;1000000.0
22.11.2006;12326.95;6476.13
23.11.2006;12326.95;6475.25
24.11.2006;;
27.11.2006;12121.71;6298.17
28.11.2006;1000000.0;1000000.0
29.11.2006;12226.73;6363.8
30.11.2006;12221.93;6309.19
01.12.2006;12194.13;6241.13
04.12.2006;;
05.12.2006;12331.6;6372.8
06.12.2006;12309.25;6369.51
07.12.2006;12278.41;6413.03
08.12.2006;12307.49;6427.41
11.12.2006;12328.48;6469.42
12.12.2006;12315.58;6476.17
13.12.2006;12317.5;6520.77
14.12.2006;;
15.12.2006;12445.52;6588.83
18.12.2006;12441.27;6597.25
19.12.2006;;
20.12.2006;1000000.0;1000000.0
21.12.2006;12421.25;6573.96
22.12.2006;12343.22;6503.13
25.12.2006;;
26.12.2006;12407.63;6503.13
27.12.2006;12510.57;6608.86
28.12.2006;12501.52;6611.81
29.12.2006;12463.15;6596.92
01.01.2007;12463.15;6596.92
02.01.2007;12463.15;6681.13
03.01.2007;12474.52;6691.32
04.01.2007;12480.69;6674.4
05.01.2007;12398.01;6593.09
08.01.2007;12423.49;6607.59
09.01.2007;12416.6;6614.37
10.01.2007;12442.16;6566.56
11.01.2007;12514.98;6687.3
12.01.2007;12556.08;6705.17
15.01.2007;12556.08;6731.74
16.01.2007;12582.59;6716.82
17.01.2007;12577.15;6701.7
18.01.2007;12567.93;6689.62
19.01.2007;1000000.0;1000000.0
22.01.2007;12477.16;6687.31
23.01.2007;12533.8;6678.93
24.01.2007;12621.77;6748.37
25.01.2007;;
26.01.2007;12487.02;6690.34
29.01.2007;1000000.0;1000000.0
30.01.2007;1000000.0;1000000.0
31.01.2007;12621.69;6789.11
01.02.2007;12673.68;6851.28
02.02.2007;12653.49;6885.76
05.02.2007;;
06.02.2007;12666.31;6875.7
07.02.2007;12666.87;6915.56
08.02.2007;12637.63;6876.73
09.02.2007;12580.83;6911.11
12.02.2007;;
13.02.2007;12654.85;6895.34
14.02.2007;12741.86;6961.18
15.02.2007;12765.01;6958.62
16.02.2007;12767.57;6957.07
19.02.2007;12767.57;6987.08
20.02.2007;12786.64;6982.91
21.02.2007;12738.41;6941.66
22.02.2007;12686.02;6973.73
23.02.2007;12647.48;6992.58
26.02.2007;12632.26;7027.59
27.02.2007;12216.24;6819.65
28.02.2007;12268.63;6715.44
01.03.2007;12234.34;6640.24
02.03.2007;12114.1;6603.32
05.03.2007;12050.41;6534.57
06.03.2007;12207.59;6595.0
07.03.2007;12192.45;6617.75
08.03.2007;12260.7;6713.23
09.03.2007;12276.32;6716.52
12.03.2007;12318.62;6715.49
13.03.2007;12075.96;6623.99
14.03.2007;12133.4;6447.7
15.03.2007;12159.68;6585.47
16.03.2007;12110.41;6579.87
19.03.2007;12226.17;6671.41
20.03.2007;12288.1;6700.29
21.03.2007;12447.52;6712.06
22.03.2007;12461.14;6856.96
23.03.2007;12481.01;6899.06
26.03.2007;12469.07;6828.82
27.03.2007;12397.29;6858.34
28.03.2007;12300.36;6816.89
29.03.2007;12348.75;6897.08
30.03.2007;12354.35;6917.03
02.04.2007;12382.3;6937.17
03.04.2007;12510.3;7045.56
04.04.2007;12530.05;7073.91
05.04.2007;12560.2;7099.91
06.04.2007;12560.2;7099.91
09.04.2007;12569.14;7099.91
10.04.2007;12573.85;7166.67
11.04.2007;12484.62;7152.83
12.04.2007;;
13.04.2007;12612.13;7212.07
16.04.2007;12720.46;7338.06
17.04.2007;12773.04;7348.83
18.04.2007;12803.84;7282.34
19.04.2007;12808.63;7242.73
20.04.2007;12961.98;7342.54
23.04.2007;12919.4;7335.62
24.04.2007;12953.94;7270.32
25.04.2007;13089.89;7343.08
26.04.2007;13105.5;7387.02
27.04.2007;13120.94;7378.12
30.04.2007;13062.91;7408.87
01.05.2007;13136.14;7408.87
02.05.2007;13211.88;7455.93
03.05.2007;;
04.05.2007;13264.62;7516.76
07.05.2007;;
08.05.2007;13309.07;7442.2
09.05.2007;13362.87;7475.99
10.05.2007;13215.13;7415.33
11.05.2007;13326.22;7479.34
14.05.2007;13346.78;7459.61
15.05.2007;13383.84;7505.35
16.05.2007;13487.53;7481.25
17.05.2007;13476.73;7499.5
18.05.2007;13556.53;7607.54
21.05.2007;13542.88;7619.31
22.05.2007;13539.95;7659.39
23.05.2007;13525.65;7735.88
24.05.2007;1000000.0;1000000.0
25.05.2007;13507.28;7739.2
28.05.2007;13507.28;7739.2
29.05.2007;;
30.05.2007;13633.08;7764.97
31.05.2007;13627.64;7883.04
01.06.2007;13668.11;7987.85
04.06.2007;13676.32;7976.79
05.06.2007;13595.46;7919.83
06.06.2007;;
07.06.2007;13266.73;7618.61
08.06.2007;13424.39;7590.5
11.06.2007;13424.96;7706.1
12.06.2007;13295.01;7678.26
13.06.2007;13482.35;7680.76
14.06.2007;13553.72;7849.16
15.06.2007;13639.48;8030.64
18.06.2007;13612.98;8036.12
19.06.2007;13635.42;8033.52
20.06.2007;13489.42;8090.49
21.06.2007;;
22.06.2007;13360.26;7949.63
25.06.2007;13352.05;7930.61
26.06.2007;13337.66;7860.52
27.06.2007;13427.73;7801.23
28.06.2007;13422.28;7921.36
29.06.2007;13408.62;8007.32
02.07.2007;13535.43;7958.24
03.07.2007;13577.3;8050.68
04.07.2007;13577.3;8075.26
05.07.2007;13565.84;7987.13
06.07.2007;;
09.07.2007;13649.97;8077.39
10.07.2007;1000000.0;1000000.0
11.07.2007;1000000.0;1000000.0
12.07.2007;13861.73;8053.43
13.07.2007;13907.25;8092.77
16.07.2007;13950.98;8105.69
17.07.2007;1000000.0;1000000.0
18.07.2007;13918.22;7893.61
19.07.2007;14000.41;7991.21
20.07.2007;13851.08;7874.85
23.07.2007;13943.42;7944.21
24.07.2007;1000000.0;1000000.0
25.07.2007;13785.07;7692.55
26.07.2007;13473.57;7508.96
27.07.2007;13265.47;7451.68
30.07.2007;13358.31;7456.31
31.07.2007;13211.99;7584.14
01.08.2007;;
02.08.2007;13463.33;7534.13
03.08.2007;13181.91;7435.67
06.08.2007;;
07.08.2007;13504.3;7513.66
08.08.2007;13657.86;7605.94
09.08.2007;13270.68;7453.59
10.08.2007;13239.54;7343.26
13.08.2007;13236.53;7474.33
14.08.2007;13028.92;7425.07
15.08.2007;1000000.0;1000000.0
16.08.2007;12845.78;7270.07
17.08.2007;13079.08;7378.29
20.08.2007;13121.35;7407.53
21.08.2007;13090.86;7424.75
22.08.2007;1000000.0;1000000.0
23.08.2007;13235.88;7511.96
24.08.2007;13378.87;7507.27
27.08.2007;13322.13;7485.99
28.08.2007;;
29.08.2007;13289.29;7439.18
30.08.2007;13238.73;7519.94
31.08.2007;13357.74;7638.17
03.09.2007;13357.74;7648.58
04.09.2007;13448.86;7721.77
05.09.2007;13305.47;7588.03
06.09.2007;13363.35;7621.72
07.09.2007;13113.38;7436.63
10.09.2007;13127.85;7375.44
11.09.2007;13308.39;7457.9
12.09.2007;;
13.09.2007;13424.88;7535.97
14.09.2007;13442.52;7497.74
17.09.2007;13403.42;7479.85
18.09.2007;;
19.09.2007;13815.56;7750.84
20.09.2007;13766.7;7735.09
21.09.2007;13820.19;7794.43
24.09.2007;13759.06;7787.92
25.09.2007;;
26.09.2007;13878.15;7804.15
27.09.2007;13912.94;7853.79
28.09.2007;13895.63;7861.51
01.10.2007;14087.55;7922.42
02.10.2007;14047.31;7946.79
03.10.2007;13968.05;7955.3
04.10.2007;13974.31;7944.99
05.10.2007;14066.01;8002.18
08.10.2007;14043.73;7974.37
09.10.2007;14164.53;7980.44
10.10.2007;14078.69;7986.57
11.10.2007;14015.12;8033.69
12.10.2007;14093.08;8041.26
15.10.2007;13984.8;7969.47
16.10.2007;13912.94;7962.64
17.10.2007;13892.54;7985.41
18.10.2007;13888.96;7921.4
19.10.2007;1000000.0;1000000.0
22.10.2007;;
23.10.2007;13676.23;7842.79
24.10.2007;13675.25;7828.96
25.10.2007;13671.92;7932.44
26.10.2007;13806.7;7949.17
29.10.2007;13870.26;8009.67
30.10.2007;13792.47;7977.94
31.10.2007;13930.01;8019.22
01.11.2007;13567.87;7880.85
02.11.2007;;
05.11.2007;13543.4;7807.55
06.11.2007;13660.94;7827.19
07.11.2007;13300.02;7799.62
08.11.2007;13266.29;7819.47
09.11.2007;13042.74;7812.4
12.11.2007;;
13.11.2007;13307.09;7777.56
14.11.2007;13231.01;7783.11
15.11.2007;13110.05;7667.03
16.11.2007;13176.79;7612.26
19.11.2007;12958.44;7511.97
20.11.2007;13010.14;7630.31
21.11.2007;12799.04;7518.42
22.11.2007;12799.04;7562.1
23.11.2007;12980.88;7608.96
26.11.2007;12743.44;7567.36
27.11.2007;12958.44;7531.35
28.11.2007;1000000.0;1000000.0
29.11.2007;13311.73;7765.19
30.11.2007;13371.72;7870.52
03.12.2007;13314.57;7837.26
04.12.2007;13248.73;7808.94
05.12.2007;13444.96;7944.77
06.12.2007;13619.89;7940.58
07.12.2007;13625.58;7994.07
10.12.2007;13727.03;8033.36
11.12.2007;13432.77;8009.42
12.12.2007;13473.9;8076.12
13.12.2007;13517.96;7928.31
14.12.2007;13339.85;7948.36
17.12.2007;13167.2;7825.44
18.12.2007;13232.47;7850.74
19.12.2007;13207.27;7837.32
20.12.2007;13245.64;7869.19
21.12.2007;13450.65;8002.67
24.12.2007;13549.33;8002.67
25.12.2007;13549.33;8002.67
26.12.2007;1000000.0;1000000.0
27.12.2007;13359.61;8038.6
28.12.2007;1000000.0;1000000.0
31.12.2007;1000000.0;1000000.0
01.01.2008;13264.82;8067.32
02.01.2008;13043.96;7949.11
03.01.2008;13056.72;7908.41
04.01.2008;12800.18;7808.69
07.01.2008;1000000.0;1000000.0
08.01.2008;1000000.0;1000000.0
09.01.2008;12735.31;7782.71
10.01.2008;12853.09;7713.09
11.01.2008;12606.3;7717.95
14.01.2008;12778.15;7732.02
15.01.2008;;
16.01.2008;12466.16;7471.57
17.01.2008;12159.21;7413.53
18.01.2008;12099.3;7314.17
21.01.2008;12099.3;6790.19
22.01.2008;1000000.0;1000000.0
23.01.2008;12270.17;6439.21
24.01.2008;1000000.0;1000000.0
25.01.2008;12207.17;6816.74
28.01.2008;12383.89;6818.85
29.01.2008;12480.3;6892.96
30.01.2008;12442.83;6875.35
31.01.2008;12650.36;6851.75
01.02.2008;12743.19;6968.67
04.02.2008;12635.16;7000.49
05.02.2008;12265.13;6765.25
06.02.2008;12200.1;6847.51
07.02.2008;;
08.02.2008;12182.13;6767.28
11.02.2008;12240.01;6743.54
12.02.2008;12373.41;6967.84
13.02.2008;12552.24;6973.67
14.02.2008;12376.98;6962.28
15.02.2008;12348.21;6832.43
18.02.2008;12348.21;6967.55
19.02.2008;12337.22;7002.29
20.02.2008;;
21.02.2008;12284.3;6904.85
22.02.2008;12381.02;6806.29
25.02.2008;12570.22;6882.56
26.02.2008;12684.92;6985.97
27.02.2008;;
28.02.2008;12582.18;6862.52
29.02.2008;12266.39;6748.13
03.03.2008;12258.9;6689.95
04.03.2008;;
05.03.2008;12254.99;6683.71
06.03.2008;12040.39;6591.31
07.03.2008;11893.69;6513.99
10.03.2008;11740.15;6448.08
11.03.2008;12156.81;6524.57
12.03.2008;12110.24;6599.37
13.03.2008;;
14.03.2008;11951.09;6451.9
17.03.2008;11972.25;6182.3
18.03.2008;12392.66;6393.39
19.03.2008;12099.66;6361.22
20.03.2008;12361.32;6319.99
21.03.2008;12361.32;6319.99
24.03.2008;;
25.03.2008;12532.6;6524.71
26.03.2008;12422.86;6489.26
27.03.2008;12302.46;6578.06
28.03.2008;12216.4;6559.9
31.03.2008;;
01.04.2008;12654.36;6720.33
02.04.2008;12605.83;6777.44
03.04.2008;12626.03;6741.72
04.04.2008;12609.42;6763.39
07.04.2008;12612.43;6821.03
08.04.2008;;
09.04.2008;1000000.0;1000000.0
10.04.2008;12581.98;6704.32
11.04.2008;12325.42;6603.57
14.04.2008;12302.06;6554.49
15.04.2008;12362.47;6585.05
16.04.2008;12619.27;6702.84
17.04.2008;12620.49;6681.81
18.04.2008;12849.36;6843.08
21.04.2008;12825.02;6786.55
22.04.2008;12720.23;6728.3
23.04.2008;12763.22;6795.03
24.04.2008;12848.95;6821.32
25.04.2008;12891.86;6896.58
28.04.2008;12871.75;6925.33
29.04.2008;12831.94;6885.34
30.04.2008;;
01.05.2008;13010.0;6948.82
02.05.2008;13058.2;7043.23
05.05.2008;12969.54;7052.08
06.05.2008;13020.83;7017.1
07.05.2008;12814.35;7076.25
08.05.2008;12866.78;7071.9
09.05.2008;12745.88;7003.17
12.05.2008;12876.31;7035.95
13.05.2008;12832.18;7060.19
14.05.2008;12898.38;7083.24
15.05.2008;12992.66;7081.05
16.05.2008;12986.8;7156.55
19.05.2008;13028.16;7225.94
20.05.2008;12828.68;7118.5
21.05.2008;12601.19;7040.83
22.05.2008;1000000.0;1000000.0
23.05.2008;12479.63;6944.05
26.05.2008;12479.63;6953.84
27.05.2008;12548.35;6958.66
28.05.2008;12594.03;7033.84
29.05.2008;12646.22;7055.03
30.05.2008;12638.32;7096.79
02.06.2008;1000000.0;1000000.0
03.06.2008;;
04.06.2008;12390.48;6965.43
05.06.2008;;
06.06.2008;12209.81;6803.81
09.06.2008;12280.32;6815.63
10.06.2008;;
11.06.2008;12083.77;6650.26
12.06.2008;1000000.0;1000000.0
13.06.2008;;
16.06.2008;;
17.06.2008;12160.3;6796.16
18.06.2008;;
19.06.2008;;
20.06.2008;11842.69;6578.44
23.06.2008;11842.36;6589.46
24.06.2008;11807.43;6536.06
25.06.2008;11811.83;6617.84
26.06.2008;11453.42;6459.6
27.06.2008;11346.51;6421.91
30.06.2008;11350.01;6418.32
01.07.2008;11382.26;6315.94
02.07.2008;11215.51;6305.42
03.07.2008;11288.54;6353.74
04.07.2008;11288.54;6272.21
07.07.2008;11231.96;6395.75
08.07.2008;11384.21;6304.41
09.07.2008;11147.44;6386.46
10.07.2008;11229.02;6305.0
11.07.2008;11100.54;6153.3
14.07.2008;11055.19;6200.25
15.07.2008;10962.54;6081.7
16.07.2008;;
17.07.2008;11446.66;6271.27
18.07.2008;11496.57;6382.65
21.07.2008;11467.34;6424.84
22.07.2008;11602.5;6442.79
23.07.2008;11632.38;6536.09
24.07.2008;11349.28;6440.7
25.07.2008;11370.69;6436.71
28.07.2008;11131.08;6351.15
29.07.2008;11397.56;6398.8
30.07.2008;11583.69;6460.12
31.07.2008;;
01.08.2008;1000000.0;1000000.0
04.08.2008;11284.15;6349.81
05.08.2008;11615.77;6518.7
06.08.2008;11656.07;6561.39
07.08.2008;11431.43;6543.49
08.08.2008;11734.32;6561.65
11.08.2008;11782.35;6609.63
12.08.2008;11642.47;6585.87
13.08.2008;11532.96;6422.19
14.08.2008;1000000.0;1000000.0
15.08.2008;11659.9;6446.02
18.08.2008;;
19.08.2008;;
20.08.2008;11417.43;6317.8
21.08.2008;11430.21;6236.96
22.08.2008;11628.06;6342.42
25.08.2008;11386.25;6296.95
26.08.2008;11412.87;6340.52
27.08.2008;11502.51;6321.03
28.08.2008;11715.18;6420.54
29.08.2008;11543.55;6422.3
01.09.2008;11543.55;6421.8
02.09.2008;11516.92;6518.47
03.09.2008;;
04.09.2008;;
05.09.2008;;
08.09.2008;11510.74;6263.74
09.09.2008;11230.73;6233.41
10.09.2008;11268.92;6210.32
11.09.2008;11433.71;6178.9
12.09.2008;11421.99;6234.89
15.09.2008;10917.51;6064.16
16.09.2008;11059.02;5965.17
17.09.2008;10609.66;5860.98
18.09.2008;11019.69;5863.42
19.09.2008;11388.44;6189.53
22.09.2008;11015.69;6107.75
23.09.2008;10854.17;6068.53
24.09.2008;10825.17;6052.87
25.09.2008;1000000.0;1000000.0
26.09.2008;11143.13;6063.5
29.09.2008;10365.45;5807.08
30.09.2008;10850.66;5831.02
01.10.2008;10831.07;5806.33
02.10.2008;10482.85;5660.63
03.10.2008;10325.38;5797.03
06.10.2008;9955.5;5387.01
07.10.2008;9447.11;5326.63
08.10.2008;9258.1;5013.62
09.10.2008;8579.19;4887.0
10.10.2008;8451.19;4544.31
13.10.2008;9387.61;5062.45
14.10.2008;;
15.10.2008;8577.91;4861.63
16.10.2008;8979.26;4622.81
17.10.2008;8852.22;4781.33
20.10.2008;9265.43;4835.01
21.10.2008;9033.66;4784.41
22.10.2008;8519.21;4571.07
23.10.2008;8691.25;4519.7
24.10.2008;8378.95;4295.67
27.10.2008;8175.77;4334.64
28.10.2008;9065.12;4823.45
29.10.2008;8990.96;4808.69
30.10.2008;9180.69;4869.3
31.10.2008;9325.01;4987.97
03.11.2008;1000000.0;1000000.0
04.11.2008;1000000.0;1000000.0
05.11.2008;9139.27;5166.87
06.11.2008;8695.79;4813.57
07.11.2008;;
10.11.2008;8870.54;5025.53
11.11.2008;;
12.11.2008;;
13.11.2008;8835.25;4649.52
14.11.2008;1000000.0;1000000.0
17.11.2008;8273.58;4557.27
18.11.2008;8424.75;4579.47
19.11.2008;7997.28;4354.09
20.11.2008;7552.29;4220.2
21.11.2008;;
24.11.2008;8443.39;4554.33
25.11.2008;8479.47;4560.42
26.11.2008;8726.61;4560.5
27.11.2008;8726.61;4665.27
28.11.2008;8829.04;4669.44
01.12.2008;8149.09;4394.79
02.12.2008;8419.09;4531.79
03.12.2008;;
04.12.2008;8376.24;4564.23
05.12.2008;8635.42;4381.47
08.12.2008;8934.18;4715.88
09.12.2008;8691.33;4779.11
10.12.2008;8761.42;4804.88
11.12.2008;8565.09;4767.2
12.12.2008;8629.68;4663.37
15.12.2008;8564.53;4654.82
16.12.2008;;
17.12.2008;8824.34;4708.38
18.12.2008;8604.99;4756.4
19.12.2008;8579.11;4696.7
22.12.2008;8519.77;4639.02
23.12.2008;8419.49;4629.38
24.12.2008;8468.48;4629.38
25.12.2008;;
26.12.2008;;
29.12.2008;1000000.0;1000000.0
30.12.2008;8668.39;4810.2
31.12.2008;8776.39;4810.2
01.01.2009;8776.39;4810.2
02.01.2009;9034.69;4973.07
05.01.2009;8952.89;4983.99
06.01.2009;9015.1;5026.31
07.01.2009;8769.7;4937.47
08.01.2009;8742.46;4879.91
09.01.2009;8599.18;4783.89
12.01.2009;8473.97;4719.62
13.01.2009;8448.56;4636.94
14.01.2009;8200.14;4422.35
15.01.2009;8212.49;4336.73
16.01.2009;8281.22;4366.28
19.01.2009;;
20.01.2009;;
21.01.2009;8228.1;4261.15
22.01.2009;8122.8;4219.42
23.01.2009;8077.56;4178.94
26.01.2009;8116.03;4326.87
27.01.2009;8174.73;4323.42
28.01.2009;8375.45;4518.72
29.01.2009;8149.01;4428.11
30.01.2009;8000.86;4338.35
02.02.2009;7936.83;4271.04
03.02.2009;8078.36;4374.96
04.02.2009;1000000.0;1000000.0
05.02.2009;8063.07;4510.49
06.02.2009;1000000.0;1000000.0
09.02.2009;8270.87;4666.82
10.02.2009;;
11.02.2009;7939.53;4530.09
12.02.2009;7932.76;4407.56
13.02.2009;7850.41;4413.39
16.02.2009;7850.41;4366.64
17.02.2009;7552.6;4216.6
18.02.2009;7555.63;4204.96
19.02.2009;7465.95;4215.21
20.02.2009;1000000.0;1000000.0
23.02.2009;7114.78;3936.45
24.02.2009;7350.94;3895.75
25.02.2009;7270.89;3846.21
26.02.2009;7182.08;3942.62
27.02.2009;7062.93;3843.74
02.03.2009;6763.29;3710.07
03.03.2009;;
04.03.2009;6875.84;3890.94
05.03.2009;6594.44;3695.49
06.03.2009;6626.94;3666.41
09.03.2009;6547.05;3692.03
10.03.2009;6926.49;3886.98
11.03.2009;1000000.0;1000000.0
12.03.2009;7170.06;3956.22
13.03.2009;7223.98;3953.6
16.03.2009;7216.97;4044.54
17.03.2009;7395.7;3987.77
18.03.2009;1000000.0;1000000.0
19.03.2009;7400.8;4043.46
20.03.2009;7278.38;4068.74
23.03.2009;7775.86;4176.37
24.03.2009;7659.97;4187.36
25.03.2009;7749.81;4223.29
26.03.2009;7924.56;4259.37
27.03.2009;1000000.0;1000000.0
30.03.2009;7522.02;3989.23
31.03.2009;7608.92;4084.76
01.04.2009;7761.6;4131.07
02.04.2009;7978.08;4381.92
03.04.2009;8017.59;4384.99
06.04.2009;7975.85;4349.81
07.04.2009;7789.56;4322.5
08.04.2009;7837.11;4357.92
09.04.2009;8083.38;4491.12
10.04.2009;8083.38;4491.12
13.04.2009;1000000.0;1000000.0
14.04.2009;7920.18;4557.01
15.04.2009;8029.62;4549.79
16.04.2009;8125.43;4609.46
17.04.2009;8131.33;4676.84
20.04.2009;7841.73;4486.3
21.04.2009;7969.56;4501.63
22.04.2009;1000000.0;1000000.0
23.04.2009;1000000.0;1000000.0
24.04.2009;;
27.04.2009;8025.0;4694.07
28.04.2009;8016.95;4607.42
29.04.2009;8185.73;4704.56
30.04.2009;8168.12;4769.45
01.05.2009;8212.41;4769.45
04.05.2009;8426.74;4902.45
05.05.2009;8410.65;4853.03
06.05.2009;8512.28;4880.71
07.05.2009;8409.85;4804.1
08.05.2009;8574.65;4913.9
11.05.2009;8418.77;4866.91
12.05.2009;8469.11;4854.11
13.05.2009;8284.89;4727.61
14.05.2009;8331.32;4738.47
15.05.2009;8268.64;4737.5
18.05.2009;8504.08;4851.96
19.05.2009;8474.85;4959.62
20.05.2009;8422.04;5038.94
21.05.2009;8292.13;4900.67
22.05.2009;1000000.0;1000000.0
25.05.2009;8277.32;4918.45
26.05.2009;8473.49;4985.6
27.05.2009;;
28.05.2009;;
29.05.2009;8500.33;4940.82
01.06.2009;8721.44;5142.56
02.06.2009;8740.87;5144.06
03.06.2009;8675.28;5054.53
04.06.2009;8750.24;5064.8
05.06.2009;8763.13;5077.03
08.06.2009;8764.49;5004.72
09.06.2009;8763.06;4997.86
10.06.2009;8739.02;5051.18
11.06.2009;8770.92;5107.26
12.06.2009;8799.26;5069.24
15.06.2009;;
16.06.2009;8504.67;4890.72
17.06.2009;8497.18;4799.98
18.06.2009;8555.6;4837.48
19.06.2009;8539.73;4839.46
22.06.2009;1000000.0;1000000.0
23.06.2009;8322.91;4707.15
24.06.2009;8299.86;4836.01
25.06.2009;8472.4;4800.56
26.06.2009;8438.39;4776.47
29.06.2009;8529.38;4885.09
30.06.2009;8447.0;4808.64
01.07.2009;8504.06;4905.44
02.07.2009;8280.74;4718.49
03.07.2009;8280.74;4708.21
06.07.2009;;
07.07.2009;8163.6;4598.19
08.07.2009;;
09.07.2009;;
10.07.2009;;
13.07.2009;8331.68;4722.34
14.07.2009;8359.49;4781.69
15.07.2009;8616.21;4928.44
16.07.2009;;
17.07.2009;8743.94;4978.4
20.07.2009;8848.15;5030.15
21.07.2009;8915.94;5093.97
22.07.2009;8881.26;5121.56
23.07.2009;9069.29;5247.28
24.07.2009;9093.24;5229.36
27.07.2009;9108.51;5251.55
28.07.2009;9096.72;5174.74
29.07.2009;9070.72;5270.32
30.07.2009;9154.46;5360.66
31.07.2009;9171.61;5332.14
03.08.2009;9286.56;5426.85
04.08.2009;9320.19;5417.02
05.08.2009;9280.97;5353.01
06.08.2009;9256.26;5369.98
07.08.2009;;
10.08.2009;9337.95;5418.12
11.08.2009;9241.45;5285.81
12.08.2009;1000000.0;1000000.0
13.08.2009;9398.19;5401.11
14.08.2009;9321.4;5309.11
17.08.2009;9135.34;5201.61
18.08.2009;9217.94;5250.74
19.08.2009;9279.16;5231.98
20.08.2009;9350.05;5311.06
21.08.2009;9505.96;5462.74
24.08.2009;9509.28;5519.75
25.08.2009;9539.29;5557.09
26.08.2009;1000000.0;1000000.0
27.08.2009;9580.63;5470.33
28.08.2009;9544.2;5517.35
31.08.2009;9496.28;5464.61
01.09.2009;9310.6;5327.29
02.09.2009;9280.67;5319.84
03.09.2009;9344.61;5301.42
04.09.2009;9441.27;5384.43
07.09.2009;9441.27;5463.51
08.09.2009;9497.34;5481.73
09.09.2009;9547.22;5574.26
10.09.2009;9627.48;5594.77
11.09.2009;9605.41;5624.02
14.09.2009;9626.8;5620.24
15.09.2009;9683.41;5628.98
16.09.2009;;
17.09.2009;9783.92;5731.14
18.09.2009;9820.2;5703.83
21.09.2009;9778.86;5668.65
22.09.2009;9829.87;5709.38
23.09.2009;9748.55;5702.05
24.09.2009;9707.44;5605.21
25.09.2009;9665.19;5581.41
28.09.2009;9789.36;5736.31
29.09.2009;9742.2;5713.52
30.09.2009;9712.28;5675.16
01.10.2009;9509.28;5554.55
02.10.2009;9487.67;5467.9
05.10.2009;9599.75;5508.85
06.10.2009;9731.25;5657.64
07.10.2009;9725.58;5640.75
08.10.2009;9786.87;5716.54
09.10.2009;9864.94;5711.88
12.10.2009;9885.8;5783.23
13.10.2009;9871.06;5714.31
14.10.2009;10015.86;5854.14
15.10.2009;10062.94;5830.77
16.10.2009;9995.91;5743.39
19.10.2009;10092.19;5852.56
20.10.2009;10041.48;5811.77
21.10.2009;9949.36;5833.49
22.10.2009;10081.31;5762.93
23.10.2009;9972.18;5740.25
26.10.2009;9867.96;5642.16
27.10.2009;9882.17;5635.02
28.10.2009;9762.69;5496.27
29.10.2009;9962.58;5587.45
30.10.2009;9712.73;5414.96
02.11.2009;9789.44;5430.82
03.11.2009;9771.91;5353.35
04.11.2009;9802.14;5444.23
05.11.2009;10005.96;5480.92
06.11.2009;10023.42;5488.25
09.11.2009;10226.94;5619.72
10.11.2009;10246.97;5613.2
11.11.2009;1000000.0;1000000.0
12.11.2009;10197.47;5663.96
13.11.2009;10270.47;5686.83
16.11.2009;10406.96;5804.82
17.11.2009;10437.42;5778.43
18.11.2009;10426.31;5787.61
19.11.2009;10332.44;5702.18
20.11.2009;10318.16;5663.15
23.11.2009;1000000.0;1000000.0
24.11.2009;10433.71;5769.31
25.11.2009;10464.4;5803.02
26.11.2009;10464.4;5614.17
27.11.2009;10309.92;5685.61
30.11.2009;;
01.12.2009;10471.58;5776.61
02.12.2009;1000000.0;1000000.0
03.12.2009;10366.15;5770.35
04.12.2009;1000000.0;1000000.0
07.12.2009;10390.11;5784.75
08.12.2009;10285.97;5688.58
09.12.2009;;
10.12.2009;10405.83;5709.02
11.12.2009;10471.5;5756.29
14.12.2009;10501.05;5802.26
15.12.2009;10452.0;5811.34
16.12.2009;10441.12;5903.43
17.12.2009;10308.26;5844.44
18.12.2009;;
21.12.2009;10414.14;5930.53
22.12.2009;10464.93;5945.69
23.12.2009;10466.44;5957.44
24.12.2009;10520.1;5957.44
25.12.2009;10520.1;5957.44
28.12.2009;10547.08;6002.92
29.12.2009;10545.41;6011.55
30.12.2009;10548.51;5957.43
31.12.2009;10428.05;5957.43
01.01.2010;10428.05;5957.43
04.01.2010;10583.96;6048.3
05.01.2010;10572.02;6031.86
06.01.2010;10573.68;6034.33
07.01.2010;10606.86;6019.36
08.01.2010;10618.19;6037.61
11.01.2010;10663.99;6040.5
12.01.2010;10627.26;5943.0
13.01.2010;10680.77;5963.14
14.01.2010;10710.55;5988.88
15.01.2010;10609.65;5875.97
18.01.2010;;
19.01.2010;;
20.01.2010;10603.15;5851.53
21.01.2010;10389.88;5746.97
22.01.2010;10172.98;5695.32
25.01.2010;10196.86;5631.37
26.01.2010;10194.29;5668.93
27.01.2010;10236.16;5643.2
28.01.2010;10120.46;5540.33
29.01.2010;10067.33;5608.79
01.02.2010;10185.53;5654.48
02.02.2010;10296.85;5709.66
03.02.2010;10270.55;5672.09
04.02.2010;10002.18;5533.24
05.02.2010;10012.23;5434.34
08.02.2010;9908.39;5484.85
09.02.2010;10058.64;5498.26
10.02.2010;10038.38;5536.37
11.02.2010;10144.19;5503.93
12.02.2010;10099.14;5500.39
15.02.2010;10099.14;5511.1
16.02.2010;10268.81;5592.12
17.02.2010;10309.24;5648.34
18.02.2010;10392.9;5680.41
19.02.2010;10402.35;5722.05
22.02.2010;10383.38;5688.44
23.02.2010;1000000.0;1000000.0
24.02.2010;1000000.0;1000000.0
25.02.2010;10321.03;5532.33
26.02.2010;;
01.03.2010;10403.79;5713.51
02.03.2010;10405.98;5776.56
03.03.2010;10396.76;5817.88
04.03.2010;10444.14;5795.32
05.03.2010;1000000.0;1000000.0
08.03.2010;10552.52;5875.91
09.03.2010;10564.38;5885.89
10.03.2010;10567.33;5936.72
11.03.2010;10611.84;5928.63
12.03.2010;10624.69;5945.11
15.03.2010;10642.15;5903.56
16.03.2010;10685.98;5970.99
17.03.2010;10733.67;6024.28
18.03.2010;10779.17;6012.31
19.03.2010;10741.98;5982.43
22.03.2010;10785.89;5987.5
23.03.2010;10888.83;6017.27
24.03.2010;10836.15;6039.0
25.03.2010;10841.21;6132.95
26.03.2010;10850.36;6120.05
29.03.2010;10895.86;6156.85
30.03.2010;10907.42;6142.45
31.03.2010;10856.63;6153.55
01.04.2010;10927.07;6235.56
02.04.2010;10927.07;6235.56
05.04.2010;10973.55;6235.56
06.04.2010;10969.99;6252.21
07.04.2010;10897.52;6222.41
08.04.2010;;
09.04.2010;10997.35;6249.7
12.04.2010;;
13.04.2010;11019.42;6230.83
14.04.2010;11123.11;6278.4
15.04.2010;11144.57;6291.45
16.04.2010;11018.66;6180.9
19.04.2010;11092.05;6162.44
20.04.2010;11117.06;6264.23
21.04.2010;11124.92;6230.38
22.04.2010;11134.29;6168.72
23.04.2010;1000000.0;1000000.0
26.04.2010;11205.03;6332.1
27.04.2010;10991.99;6159.51
28.04.2010;11045.27;6084.34
29.04.2010;11167.32;6144.91
30.04.2010;11008.61;6135.7
03.05.2010;11151.83;6166.92
04.05.2010;10926.77;6006.86
05.05.2010;10868.12;5958.45
06.05.2010;10520.32;5908.26
07.05.2010;10380.43;5715.09
10.05.2010;10785.14;6017.91
11.05.2010;;
12.05.2010;10896.91;6183.49
13.05.2010;10782.95;6251.97
14.05.2010;10620.16;6056.71
17.05.2010;10625.83;6066.92
18.05.2010;10510.95;6155.93
19.05.2010;10444.37;5988.67
20.05.2010;10068.01;5867.88
21.05.2010;1000000.0;1000000.0
24.05.2010;10066.57;5805.68
25.05.2010;10043.75;5670.04
26.05.2010;1000000.0;1000000.0
27.05.2010;;
28.05.2010;;
31.05.2010;10136.63;5964.33
01.06.2010;;
02.06.2010;;
03.06.2010;10255.28;6054.63
04.06.2010;9931.97;5938.88
07.06.2010;9816.49;5904.95
08.06.2010;9939.98;5868.55
09.06.2010;9899.25;5984.75
10.06.2010;10172.53;6056.59
11.06.2010;10211.07;6047.83
14.06.2010;10190.89;6125.0
15.06.2010;10404.77;6175.05
16.06.2010;10409.46;6190.91
17.06.2010;10434.17;6223.54
18.06.2010;10450.64;6216.98
21.06.2010;10442.41;6292.97
22.06.2010;10293.52;6269.04
23.06.2010;10298.44;6204.52
24.06.2010;10152.8;6115.48
25.06.2010;10143.81;6070.6
28.06.2010;10138.52;6157.22
29.06.2010;9870.3;5952.03
30.06.2010;9774.02;5965.52
01.07.2010;9732.53;5857.43
02.07.2010;9686.48;5834.15
05.07.2010;9686.48;5816.2
06.07.2010;9743.62;5940.98
07.07.2010;10018.28;5992.86
08.07.2010;;
09.07.2010;10198.03;6065.24
12.07.2010;10216.27;6077.19
13.07.2010;10363.02;6191.13
14.07.2010;10366.72;6209.76
15.07.2010;10359.31;6149.36
16.07.2010;10097.9;6040.27
19.07.2010;10154.43;6009.11
20.07.2010;10229.96;5967.49
21.07.2010;10120.53;5990.38
22.07.2010;10322.3;6142.15
23.07.2010;10424.62;6166.34
26.07.2010;10525.43;6194.21
27.07.2010;1000000.0;1000000.0
28.07.2010;;
29.07.2010;10467.16;6134.7
30.07.2010;10465.94;6147.97
02.08.2010;10674.38;6292.13
03.08.2010;;
04.08.2010;10680.43;6331.33
05.08.2010;10674.98;6333.58
06.08.2010;10653.56;6259.63
09.08.2010;10698.75;6351.6
10.08.2010;;
11.08.2010;10378.83;6154.07
12.08.2010;10319.95;6135.17
13.08.2010;10303.15;6110.41
16.08.2010;10302.01;6110.57
17.08.2010;10405.85;6206.4
18.08.2010;10415.54;6186.31
19.08.2010;10271.21;6075.13
20.08.2010;10213.62;6005.16
23.08.2010;1000000.0;1000000.0
24.08.2010;10040.45;5935.44
25.08.2010;10060.06;5899.5
26.08.2010;1000000.0;1000000.0
27.08.2010;1000000.0;1000000.0
30.08.2010;10009.73;5912.41
31.08.2010;10014.72;5925.22
01.09.2010;10269.47;6083.9
02.09.2010;10320.1;6083.85
03.09.2010;10447.93;6134.62
06.09.2010;10447.93;6155.04
07.09.2010;10340.69;6117.89
08.09.2010;10387.01;6164.44
09.09.2010;10415.24;6221.52
10.09.2010;10462.77;6214.77
13.09.2010;10544.13;6261.68
14.09.2010;10526.49;6275.41
15.09.2010;10572.73;6261.87
16.09.2010;10594.83;6249.65
17.09.2010;10607.85;6209.76
20.09.2010;10753.62;6294.58
21.09.2010;10761.03;6275.98
22.09.2010;10739.31;6208.33
23.09.2010;10662.42;6184.71
24.09.2010;10860.26;6298.3
27.09.2010;;
28.09.2010;10858.14;6276.09
29.09.2010;10835.28;6246.92
30.09.2010;10788.05;6229.02
01.10.2010;10829.68;6211.34
04.10.2010;10751.27;6134.21
05.10.2010;10944.72;6215.83
06.10.2010;10967.65;6270.73
07.10.2010;10948.58;6276.25
08.10.2010;11006.48;6291.67
11.10.2010;11010.34;6309.51
12.10.2010;11020.4;6304.57
13.10.2010;11096.08;6434.52
14.10.2010;11094.57;6455.27
15.10.2010;11062.78;6492.3
18.10.2010;11143.69;6516.63
19.10.2010;10978.62;6490.69
20.10.2010;11107.97;6524.55
21.10.2010;11146.57;6611.01
22.10.2010;11132.56;6605.84
25.10.2010;11164.05;6639.21
26.10.2010;;
27.10.2010;11126.28;6568.0
28.10.2010;11113.95;6595.28
29.10.2010;;
01.11.2010;11124.62;6604.86
02.11.2010;11188.72;6654.31
03.11.2010;11215.13;6617.8
04.11.2010;11434.84;6734.69
05.11.2010;11444.08;6754.2
08.11.2010;;
09.11.2010;11346.75;6787.81
10.11.2010;11357.04;6719.84
11.11.2010;11283.1;6723.41
12.11.2010;11192.58;6734.61
15.11.2010;11201.97;6790.17
16.11.2010;11023.5;6663.24
17.11.2010;11007.88;6700.07
18.11.2010;11181.23;6832.11
19.11.2010;11203.55;6843.55
22.11.2010;11178.58;6822.05
23.11.2010;11036.37;6705.0
24.11.2010;11187.28;6823.8
25.11.2010;;
26.11.2010;11092.0;6848.98
29.11.2010;11052.49;6697.97
30.11.2010;11006.02;6688.49
01.12.2010;11255.78;6866.63
02.12.2010;;
03.12.2010;11382.09;6947.72
06.12.2010;11362.19;6954.38
07.12.2010;;
08.12.2010;;
09.12.2010;11370.06;6964.16
10.12.2010;11410.32;7006.17
13.12.2010;;
14.12.2010;11476.54;7027.4
15.12.2010;11457.47;7016.37
16.12.2010;11499.25;7024.4
17.12.2010;11491.91;6982.45
20.12.2010;;
21.12.2010;11533.16;7077.99
22.12.2010;11559.49;7067.92
23.12.2010;11573.49;7057.69
24.12.2010;11573.49;7057.69
27.12.2010;11555.03;6970.73
28.12.2010;11575.54;6972.1
29.12.2010;11585.38;6995.47
30.12.2010;11569.71;6914.19
31.12.2010;11577.51;6914.19
03.01.2011;11670.75;6989.74
04.01.2011;11691.18;6975.35
05.01.2011;11722.89;6939.82
06.01.2011;11697.31;6981.39
07.01.2011;11674.76;6947.84
10.01.2011;11637.45;6857.06
11.01.2011;11671.88;6941.57
12.01.2011;;
13.01.2011;11731.9;7075.11
14.01.2011;11787.38;7075.7
17.01.2011;11787.38;7078.06
18.01.2011;;
19.01.2011;1000000.0;1000000.0
20.01.2011;11822.8;7024.27
21.01.2011;11871.84;7062.42
24.01.2011;;
25.01.2011;11977.19;7059.01
26.01.2011;11985.44;7127.35
27.01.2011;11989.83;7155.58
28.01.2011;11823.7;7102.8
31.01.2011;11891.93;7077.48
01.02.2011;12040.16;7184.27
02.02.2011;12041.97;7183.67
03.02.2011;12062.26;7193.68
04.02.2011;1000000.0;1000000.0
07.02.2011;12161.63;7283.62
08.02.2011;12233.15;7323.24
09.02.2011;12239.89;7320.9
10.02.2011;12229.29;7340.28
11.02.2011;12273.26;7371.2
14.02.2011;12268.19;7396.63
15.02.2011;1000000.0;1000000.0
16.02.2011;;
17.02.2011;12318.14;7405.51
18.02.2011;12391.25;7426.81
21.02.2011;12391.25;7321.81
22.02.2011;12212.79;7318.35
23.02.2011;12105.78;7194.6
24.02.2011;12068.5;7130.5
25.02.2011;12130.45;7185.17
28.02.2011;12226.34;7272.32
01.03.2011;12058.02;7223.3
02.03.2011;12066.8;7181.12
03.03.2011;1000000.0;1000000.0
04.03.2011;12169.88;7178.9
07.03.2011;12090.03;7161.93
08.03.2011;12214.38;7164.75
09.03.2011;12213.09;7131.8
10.03.2011;11984.61;7063.09
11.03.2011;12044.4;6981.49
14.03.2011;11993.16;6866.63
15.03.2011;11855.42;6647.66
16.03.2011;11613.3;6513.84
17.03.2011;11774.59;6656.88
18.03.2011;11858.52;6664.4
21.03.2011;12036.53;6816.12
22.03.2011;12018.63;6780.97
23.03.2011;;
24.03.2011;12170.56;6933.58
25.03.2011;;
28.03.2011;12197.88;6938.63
29.03.2011;12279.01;6934.44
30.03.2011;12350.61;7057.15
31.03.2011;12319.73;7041.31
01.04.2011;12376.72;7179.81
04.04.2011;12400.03;7175.33
05.04.2011;12393.9;7175.31
06.04.2011;12426.75;7215.11
07.04.2011;12409.49;7178.78
08.04.2011;12380.05;7217.02
11.04.2011;12381.11;7204.86
12.04.2011;12263.58;7102.91
13.04.2011;12270.99;7177.97
14.04.2011;12285.15;7146.56
15.04.2011;12341.83;7178.29
18.04.2011;;
19.04.2011;12266.75;7039.31
20.04.2011;12453.54;7249.19
21.04.2011;12505.99;7295.49
22.04.2011;12505.99;7295.49
25.04.2011;12479.88;7295.49
26.04.2011;12595.37;7356.51
27.04.2011;12690.96;7404.95
28.04.2011;12763.31;7475.22
29.04.2011;;
02.05.2011;12807.36;7527.64
03.05.2011;12807.51;7500.7
04.05.2011;12723.58;7373.93
05.05.2011;12584.17;7376.96
06.05.2011;12638.74;7492.25
09.05.2011;12684.68;7410.52
10.05.2011;;
11.05.2011;;
12.05.2011;;
13.05.2011;12595.75;7403.31
16.05.2011;12548.37;7387.54
17.05.2011;12479.58;7256.65
18.05.2011;12560.18;7303.53
19.05.2011;12605.32;7358.23
20.05.2011;12512.04;7266.82
23.05.2011;1000000.0;1000000.0
24.05.2011;12356.21;7150.66
25.05.2011;12394.66;7170.94
26.05.2011;12402.76;7114.09
27.05.2011;12441.58;7163.47
30.05.2011;12441.58;7160.3
31.05.2011;12569.79;7293.69
01.06.2011;12290.14;7217.43
02.06.2011;12248.55;7074.12
03.06.2011;12151.26;7109.03
06.06.2011;;
07.06.2011;12070.81;7103.25
08.06.2011;12048.94;7060.23
09.06.2011;;
10.06.2011;11951.91;7069.9
13.06.2011;1000000.0;1000000.0
14.06.2011;12076.11;7204.79
15.06.2011;11897.27;7115.08
16.06.2011;11961.52;7110.2
17.06.2011;12004.36;7164.05
20.06.2011;12080.38;7150.21
21.06.2011;12190.01;7285.51
22.06.2011;1000000.0;1000000.0
23.06.2011;12050.0;7149.44
24.06.2011;11934.58;7121.38
27.06.2011;12043.56;7107.9
28.06.2011;12188.69;7170.43
29.06.2011;12261.42;7294.14
30.06.2011;12414.34;7376.24
01.07.2011;12582.77;7419.44
04.07.2011;12582.77;7442.96
05.07.2011;12569.87;7439.44
06.07.2011;12626.02;7431.19
07.07.2011;;
08.07.2011;12657.2;7402.73
11.07.2011;12505.76;7230.25
12.07.2011;;
13.07.2011;12491.61;7267.87
14.07.2011;;
15.07.2011;12479.73;7220.12
18.07.2011;12385.16;7107.92
19.07.2011;12587.42;7192.67
20.07.2011;;
21.07.2011;12724.41;7290.14
22.07.2011;12681.16;7326.39
25.07.2011;12592.8;7344.54
26.07.2011;12501.3;7349.45
27.07.2011;12302.55;7252.68
28.07.2011;12240.11;7190.06
29.07.2011;12143.24;7158.77
01.08.2011;12132.49;6953.98
02.08.2011;11866.62;6796.75
03.08.2011;11896.44;6640.59
04.08.2011;11383.68;6414.76
05.08.2011;;
08.08.2011;10809.85;5923.27
09.08.2011;11239.77;5917.08
10.08.2011;10719.94;5613.42
11.08.2011;11143.31;5797.66
12.08.2011;11269.02;5997.74
15.08.2011;1000000.0;1000000.0
16.08.2011;11405.93;5994.9
17.08.2011;11410.21;5948.94
18.08.2011;10990.58;5602.8
19.08.2011;1000000.0;1000000.0
22.08.2011;10854.65;5473.78
23.08.2011;11176.76;5532.38
24.08.2011;11320.71;5681.08
25.08.2011;11149.82;5584.14
26.08.2011;11284.54;5537.48
29.08.2011;11539.25;5670.07
30.08.2011;11559.95;5643.92
31.08.2011;11613.53;5784.85
01.09.2011;11493.57;5730.63
02.09.2011;11240.26;5538.33
05.09.2011;;
06.09.2011;11139.3;5193.97
07.09.2011;11414.86;5405.53
08.09.2011;11295.81;5408.46
09.09.2011;10992.13;5189.93
12.09.2011;11061.12;5072.33
13.09.2011;11105.85;5166.36
14.09.2011;11246.73;5340.19
15.09.2011;11433.18;5508.24
16.09.2011;11509.09;5573.51
19.09.2011;11401.01;5415.91
20.09.2011;;
21.09.2011;11124.84;5433.8
22.09.2011;10733.83;5164.21
23.09.2011;10771.48;5196.56
26.09.2011;11043.86;5345.56
27.09.2011;11190.69;5628.44
28.09.2011;11010.9;5578.42
29.09.2011;11153.98;5639.58
30.09.2011;10913.38;5502.02
03.10.2011;10655.3;5376.7
04.10.2011;10808.71;5216.71
05.10.2011;10939.95;5473.03
06.10.2011;11123.33;5645.25
07.10.2011;11103.12;5675.7
10.10.2011;11433.18;5847.29
11.10.2011;;
12.10.2011;11518.85;5994.47
13.10.2011;11478.13;5914.84
14.10.2011;11644.49;5967.2
17.10.2011;11397.0;5859.43
18.10.2011;11577.05;5877.41
19.10.2011;11504.62;5913.53
20.10.2011;11541.78;5766.48
21.10.2011;11808.79;5970.96
24.10.2011;11913.62;6055.27
25.10.2011;11706.62;6046.75
26.10.2011;11869.04;6016.07
27.10.2011;12208.55;6337.84
28.10.2011;12231.11;6346.19
31.10.2011;11955.01;6141.34
01.11.2011;11657.96;5834.51
02.11.2011;11836.04;5965.63
03.11.2011;12044.47;6133.18
04.11.2011;11983.24;5966.16
07.11.2011;1000000.0;1000000.0
08.11.2011;12170.18;5961.44
09.11.2011;11780.94;5829.54
10.11.2011;11893.79;5867.81
11.11.2011;12153.68;6057.03
14.11.2011;12078.98;5985.02
15.11.2011;12096.16;5933.14
16.11.2011;11905.59;5913.36
17.11.2011;11770.73;5850.17
18.11.2011;11796.16;5800.24
21.11.2011;11547.31;5606.0
22.11.2011;;
23.11.2011;11257.55;5457.77
24.11.2011;11257.55;5428.11
25.11.2011;11231.78;5492.87
28.11.2011;11523.01;5745.33
29.11.2011;11555.63;5799.91
30.11.2011;;
01.12.2011;12020.03;6035.88
02.12.2011;1000000.0;1000000.0
05.12.2011;12097.83;6106.09
06.12.2011;12150.13;6028.82
07.12.2011;12196.37;5994.73
08.12.2011;11997.7;5874.44
09.12.2011;12184.26;5986.71
12.12.2011;12021.39;5785.43
13.12.2011;;
14.12.2011;11823.48;5675.14
15.12.2011;;
16.12.2011;11866.39;5701.78
19.12.2011;11766.26;5670.71
20.12.2011;12103.58;5847.03
21.12.2011;12107.74;5791.53
22.12.2011;;
23.12.2011;12294.0;5878.93
26.12.2011;;
27.12.2011;;
28.12.2011;;
29.12.2011;12287.04;5848.78
30.12.2011;1000000.0;1000000.0
02.01.2012;12217.56;6075.52
03.01.2012;12397.38;6166.57
04.01.2012;12418.42;6111.55
05.01.2012;12415.7;6095.99
06.01.2012;12359.92;6057.92
09.01.2012;12392.69;6017.23
10.01.2012;12462.47;6162.98
11.01.2012;12449.45;6152.34
12.01.2012;12471.02;6179.21
13.01.2012;12422.06;6143.08
16.01.2012;;
17.01.2012;12482.07;6332.93
18.01.2012;12578.95;6354.57
19.01.2012;12623.98;6416.26
20.01.2012;12720.48;6404.39
23.01.2012;12708.82;6436.62
24.01.2012;12675.75;6419.22
25.01.2012;12756.96;6421.85
26.01.2012;12734.63;6539.85
27.01.2012;12660.46;6511.98
30.01.2012;12653.72;6444.45
31.01.2012;12632.91;6458.91
01.02.2012;12716.46;6616.64
02.02.2012;12705.41;6655.63
03.02.2012;12862.23;6766.67
06.02.2012;12845.13;6764.83
07.02.2012;12878.2;6754.2
08.02.2012;12883.95;6748.76
09.02.2012;12890.46;6788.8
10.02.2012;12801.23;6692.96
13.02.2012;12874.04;6738.47
14.02.2012;12878.28;6728.19
15.02.2012;12780.95;6757.94
16.02.2012;;
17.02.2012;12949.87;6848.03
20.02.2012;12949.87;6948.25
21.02.2012;12965.69;6908.18
22.02.2012;12938.67;6843.87
23.02.2012;12984.69;6809.46
24.02.2012;12982.95;6864.43
27.02.2012;;
28.02.2012;13005.12;6887.63
29.02.2012;12952.07;6856.08
01.03.2012;12980.3;6941.77
02.03.2012;;
05.03.2012;12962.81;6866.46
06.03.2012;12759.15;6633.11
07.03.2012;12837.33;6671.11
08.03.2012;12907.94;6834.54
09.03.2012;12922.02;6880.21
12.03.2012;12959.71;6901.35
13.03.2012;13177.68;6995.91
14.03.2012;13194.1;7079.42
15.03.2012;13252.76;7144.45
16.03.2012;13232.62;7157.82
19.03.2012;13239.13;7154.22
20.03.2012;;
21.03.2012;13124.62;7071.32
22.03.2012;13046.14;6981.26
23.03.2012;13080.73;6995.62
26.03.2012;13241.63;7079.23
27.03.2012;13197.73;7078.9
28.03.2012;13126.21;6998.8
29.03.2012;13145.82;6875.15
30.03.2012;13212.04;6946.83
02.04.2012;13264.49;7056.65
03.04.2012;13199.55;6982.28
04.04.2012;13074.75;6784.06
05.04.2012;13060.14;6775.26
06.04.2012;13060.14;6775.26
09.04.2012;12929.59;6775.26
10.04.2012;12715.93;6606.43
11.04.2012;12805.39;6674.73
12.04.2012;12986.58;6743.24
13.04.2012;12849.59;6583.9
16.04.2012;12921.41;6625.19
17.04.2012;13115.54;6801.0
18.04.2012;;
19.04.2012;12964.1;6671.22
20.04.2012;13029.26;6750.12
23.04.2012;12927.17;6523.0
24.04.2012;13001.56;6590.41
25.04.2012;13090.72;6704.5
26.04.2012;13204.62;6739.9
27.04.2012;13228.31;6801.32
30.04.2012;13213.63;6761.19
01.05.2012;13279.32;6761.19
02.05.2012;13268.57;6710.77
03.05.2012;13206.59;6694.44
04.05.2012;13038.27;6561.47
07.05.2012;13008.53;6569.48
08.05.2012;1000000.0;1000000.0
09.05.2012;;
10.05.2012;12855.04;6518.0
11.05.2012;12820.6;6579.93
14.05.2012;12695.35;6451.97
15.05.2012;;
16.05.2012;12598.55;6384.26
17.05.2012;12442.49;6308.96
18.05.2012;12369.38;6271.22
21.05.2012;12504.48;6331.04
22.05.2012;12502.81;6435.6
23.05.2012;12496.15;6285.75
24.05.2012;12529.75;6315.89
25.05.2012;12454.83;6339.94
28.05.2012;;
29.05.2012;12580.69;6396.84
30.05.2012;12419.86;6280.8
31.05.2012;12393.45;6264.38
01.06.2012;12118.57;6050.29
04.06.2012;12101.46;5978.23
05.06.2012;12127.95;5969.4
06.06.2012;12414.79;6093.99
07.06.2012;12460.96;6144.22
08.06.2012;12554.2;6130.82
11.06.2012;12411.23;6141.05
12.06.2012;;
13.06.2012;12496.38;6152.49
14.06.2012;12651.91;6138.61
15.06.2012;1000000.0;1000000.0
18.06.2012;12741.82;6248.2
19.06.2012;12837.33;6363.36
20.06.2012;12824.39;6392.13
21.06.2012;12573.57;6343.13
22.06.2012;12640.78;6263.25
25.06.2012;12502.66;6132.39
26.06.2012;12534.67;6136.69
27.06.2012;12627.01;6228.99
28.06.2012;12602.26;6149.91
29.06.2012;12880.09;6416.28
02.07.2012;12871.39;6496.08
03.07.2012;12943.82;6578.21
04.07.2012;12943.82;6564.8
05.07.2012;12896.67;6535.56
06.07.2012;12772.47;6410.11
09.07.2012;12736.29;6387.57
10.07.2012;12653.12;6438.33
11.07.2012;12604.53;6453.85
12.07.2012;;
13.07.2012;12777.09;6557.1
16.07.2012;12727.21;6565.72
17.07.2012;12805.54;6577.64
18.07.2012;12908.7;6684.42
19.07.2012;;
20.07.2012;12822.57;6630.02
23.07.2012;12721.46;6419.33
24.07.2012;;
25.07.2012;;
26.07.2012;12887.93;6582.96
27.07.2012;13075.66;6689.4
30.07.2012;13073.01;6774.06
31.07.2012;13008.68;6772.26
01.08.2012;;
02.08.2012;;
03.08.2012;13096.17;6865.66
06.08.2012;;
07.08.2012;13168.6;6967.95
08.08.2012;13175.64;6966.15
09.08.2012;13165.19;6964.99
10.08.2012;13207.95;6944.56
13.08.2012;13169.43;6909.68
14.08.2012;13172.14;6974.39
15.08.2012;13164.78;6946.8
16.08.2012;13250.11;6996.29
17.08.2012;13275.2;7040.88
20.08.2012;;
21.08.2012;13203.58;7089.32
22.08.2012;13172.76;7017.75
23.08.2012;13057.46;6949.57
24.08.2012;13157.97;6971.07
27.08.2012;13124.67;7047.45
28.08.2012;13102.99;7002.68
29.08.2012;13107.48;7010.57
30.08.2012;13000.71;6895.49
31.08.2012;13090.84;6970.79
03.09.2012;13090.84;7014.83
04.09.2012;13035.94;6932.58
05.09.2012;13047.48;6964.69
06.09.2012;13292.0;7167.33
07.09.2012;13306.64;7214.5
10.09.2012;13254.29;7213.7
11.09.2012;13323.36;7310.11
12.09.2012;13333.35;7343.53
13.09.2012;13539.86;7310.32
14.09.2012;13593.37;7412.13
17.09.2012;13553.1;7403.69
18.09.2012;13564.64;7347.69
19.09.2012;13577.96;7390.76
20.09.2012;13596.93;7389.49
21.09.2012;13579.47;7451.62
24.09.2012;13558.92;7413.16
25.09.2012;13457.55;7425.11
26.09.2012;13413.51;7276.51
27.09.2012;13485.97;7290.02
28.09.2012;13437.13;7216.15
01.10.2012;;
02.10.2012;;
03.10.2012;13494.61;7322.08
04.10.2012;13575.36;7305.21
05.10.2012;13610.15;7397.87
08.10.2012;13583.65;7291.21
09.10.2012;13473.53;7234.53
10.10.2012;13344.97;7205.23
11.10.2012;13326.39;7281.7
12.10.2012;13328.85;7232.49
15.10.2012;13424.23;7261.25
16.10.2012;13551.78;7376.27
17.10.2012;13557.0;7394.55
18.10.2012;13548.94;7437.23
19.10.2012;13343.51;7380.64
22.10.2012;13345.89;7328.05
23.10.2012;13102.53;7173.69
24.10.2012;13077.34;7192.85
25.10.2012;13103.68;7200.23
26.10.2012;13107.21;7231.85
29.10.2012;13107.21;7203.16
30.10.2012;13107.21;7284.4
31.10.2012;13096.46;7260.63
01.11.2012;;
02.11.2012;;
05.11.2012;13112.44;7326.47
06.11.2012;13245.68;7377.76
07.11.2012;12932.73;7232.83
08.11.2012;12811.32;7204.96
09.11.2012;12815.39;7163.5
12.11.2012;12815.08;7168.76
13.11.2012;12756.18;7169.12
14.11.2012;12570.95;7101.92
15.11.2012;12542.38;7043.42
16.11.2012;12588.31;6950.53
19.11.2012;12795.96;7123.84
20.11.2012;12788.51;7172.99
